BD5 7DA,yes,here
BD5 7DB,yes,here
BD5 7DD,yes,here
BD5 7DE,yes,here
BD5 7DJ,yes,here
BD5 7DL,yes,here
BD5 7DN,yes,here
BD5 7DP,yes,here
BD5 7DQ,yes,here
BD5 7DR,yes,here
BD5 7EE,yes,here
BD5 7EG,yes,here
BD5 7EJ,yes,here
BD5 7EP,yes,here
BD5 7ER,yes,here
BD5 7ES,yes,here
BD5 7EU,yes,here
BD5 7EX,yes,here
BD5 7EY,yes,here
BD5 7EZ,yes,here
BD5 7FA,yes,here
BD5 7HA,yes,here
BD5 7HB,yes,here
BD5 7HD,yes,here
BD5 7HE,yes,here
BD5 7HF,yes,here
BD5 7HH,yes,here
BD5 7HJ,yes,here
BD5 7HL,yes,here
BD5 7HN,yes,here
BD5 7HP,yes,here
BD5 7HQ,yes,here
BD5 7HR,yes,here
BD5 7HS,yes,here
BD5 7HT,yes,here
BD5 7HU,yes,here
BD5 7HW,yes,here
BD5 7HX,yes,here
BD5 7HZ,yes,here
BD5 7JF,yes,here
BD5 7JG,yes,here
BD5 7JH,yes,here
BD5 7JJ,yes,here
BD5 7JL,yes,here
BD5 7JN,yes,here
BD5 7JQ,yes,here
BD5 7JR,yes,here
BD5 7JS,yes,here
BD5 7JW,yes,here
BD5 7JX,yes,here
BD5 7LA,yes,here
BD5 7LB,yes,here
BD5 7LD,yes,here
BD5 7LG,yes,here
BD5 7LH,yes,here
BD5 7LJ,yes,here
BD5 7LR,yes,here
BD5 7LS,yes,here
BD5 7LT,yes,here
BD5 7LU,yes,here
BD5 7LW,yes,here
BD5 7LX,yes,here
BD5 7LZ,yes,here
BD5 7NJ,yes,here
BD5 7NL,yes,here
BD5 7NN,yes,here
BD5 7NP,yes,here
BD5 7NR,yes,here
BD5 7NS,yes,here
BD5 7NT,yes,here
BD5 7NU,yes,here
BD5 7NX,yes,here
BD5 7PA,yes,here
BD5 7PB,yes,here
BD5 7PD,yes,here
BD5 7PE,yes,here
BD5 7QA,yes,here
BD5 7QH,yes,here
BD5 7QP,yes,here
BD5 7QS,yes,here
BD5 7QT,yes,here
BD5 7RA,yes,here
BD5 7RN,yes,here
BD5 7RR,yes,here
BD5 7RS,yes,here
BD5 7RY,yes,here
BD5 7SA,yes,here
BD5 7SB,yes,here
BD5 7SD,yes,here
BD5 7SG,yes,here
BD5 7SR,yes,here
BD5 7TD,yes,here
BD5 7TE,yes,here
BD5 7TF,yes,here
BD5 7TG,yes,here
BD5 7TH,yes,here
BD5 7TJ,yes,here
BD5 7TL,yes,here
BD5 7TX,yes,here
BD5 7TY,yes,here
BD5 7TZ,yes,here
BD5 7UE,yes,here
BD5 7UF,yes,here
BD5 7UG,yes,here
BD5 7UQ,yes,here
BD5 8AA,yes,here
BD5 8AB,yes,here
BD5 8AD,yes,here
BD5 8AE,yes,here
BD5 8AF,yes,here
BD5 8AG,yes,here
BD5 8AH,yes,here
BD5 8AJ,yes,here
BD5 8AL,yes,here
BD5 8AN,yes,here
BD5 8AP,yes,here
BD5 8AQ,yes,here
BD5 8AR,yes,here
BD5 8AS,yes,here
BD5 8AT,yes,here
BD5 8AU,yes,here
BD5 8AW,yes,here
BD5 8AX,yes,here
BD5 8AY,yes,here
BD5 8AZ,yes,here
BD5 8BA,yes,here
BD5 8BB,yes,here
BD5 8BD,yes,here
BD5 8BE,yes,here
BD5 8BG,yes,here
BD5 8BH,yes,here
BD5 8BJ,yes,here
BD5 8BL,yes,here
BD5 8BN,yes,here
BD5 8BP,yes,here
BD5 8BQ,yes,here
BD5 8BR,yes,here
BD5 8BS,yes,here
BD5 8BT,yes,here
BD5 8BU,yes,here
BD5 8BW,yes,here
BD5 8BX,yes,here
BD5 8BY,yes,here
BD5 8BZ,yes,here
BD5 8DA,yes,here
BD5 8DB,yes,here
BD5 8DD,yes,here
BD5 8DE,yes,here
BD5 8DF,yes,here
BD5 8DG,yes,here
BD5 8DH,yes,here
BD5 8DJ,yes,here
BD5 8DN,yes,here
BD5 8DP,yes,here
BD5 8DQ,yes,here
BD5 8DR,yes,here
BD5 8DS,yes,here
BD5 8DT,yes,here
BD5 8DU,yes,here
BD5 8DW,yes,here
BD5 8DY,yes,here
BD5 8EA,yes,here
BD5 8EB,yes,here
BD5 8ED,yes,here
BD5 8EE,yes,here
BD5 8EG,yes,here
BD5 8EH,yes,here
BD5 8EJ,yes,here
BD5 8EL,yes,here
BD5 8EN,yes,here
BD5 8EP,yes,here
BD5 8EQ,yes,here
BD5 8ER,yes,here
BD5 8ES,yes,here
BD5 8ET,yes,here
BD5 8EU,yes,here
BD5 8EW,yes,here
BD5 8EX,yes,here
BD5 8EY,yes,here
BD5 8EZ,yes,here
BD5 8FA,yes,here
BD5 8FB,yes,here
BD5 8FD,yes,here
BD5 8FE,yes,here
BD5 8FF,yes,here
BD5 8FG,yes,here
BD5 8FH,yes,here
BD5 8FJ,yes,here
BD5 8HA,yes,here
BD5 8HB,yes,here
BD5 8HE,yes,here
BD5 8HH,yes,here
BD5 8HL,yes,here
BD5 8HN,yes,here
BD5 8HP,yes,here
BD5 8HR,yes,here
BD5 8HS,yes,here
BD5 8HT,yes,here
BD5 8HU,yes,here
BD5 8HW,yes,here
BD5 8HX,yes,here
BD5 8HY,yes,here
BD5 8JA,yes,here
BD5 8JB,yes,here
BD5 8JD,yes,here
BD5 8JE,yes,here
BD5 8JH,yes,here
BD5 8JJ,yes,here
BD5 8JL,yes,here
BD5 8JN,yes,here
BD5 8JP,yes,here
BD5 8JQ,yes,here
BD5 8JX,yes,here
BD5 8JY,yes,here
BD5 8JZ,yes,here
BD5 8LA,yes,here
BD5 8LB,yes,here
BD5 8LD,yes,here
BD5 8LE,yes,here
BD5 8LF,yes,here
BD5 8LG,yes,here
BD5 8LH,yes,here
BD5 8LJ,yes,here
BD5 8LN,yes,here
BD5 8LP,yes,here
BD5 8LQ,yes,here
BD5 8LR,yes,here
BD5 8LS,yes,here
BD5 8LT,yes,here
BD5 8LU,yes,here
BD5 8LX,yes,here
BD5 8LZ,yes,here
BD5 8NA,yes,here
BD5 8NB,yes,here
BD5 8NF,yes,here
BD5 8NH,yes,here
BD5 8NN,yes,here
BD5 8NT,yes,here
BD5 8NU,yes,here
BD5 8NW,yes,here
BD5 8NX,yes,here
BD5 8NZ,yes,here
BD5 8PA,yes,here
BD5 8PB,yes,here
BD5 8PD,yes,here
BD5 8PE,yes,here
BD5 8PF,yes,here
BD5 8PG,yes,here
BD5 8PH,yes,here
BD5 8PJ,yes,here
BD5 8PL,yes,here
BD5 8PN,yes,here
BD5 8PP,yes,here
BD5 8PQ,yes,here
BD5 8PR,yes,here
BD5 8PS,yes,here
BD5 8PT,yes,here
BD5 8PW,yes,here
BD5 8QA,yes,here
BD5 8QB,yes,here
BD5 8QD,yes,here
BD5 8QE,yes,here
BD5 8QF,yes,here
BD5 8QG,yes,here
BD5 8QH,yes,here
BD5 8QJ,yes,here
BD5 8QL,yes,here
BD5 8QP,yes,here
BD5 8QQ,yes,here
BD5 8QT,yes,here
BD5 8QU,yes,here
BD5 8QX,yes,here
BD5 8QY,yes,here
BD5 8QZ,yes,here
BD5 8RA,yes,here
BD5 8RB,yes,here
BD5 8RD,yes,here
BD5 8RH,yes,here
BD5 8SW,yes,here
BD5 8YN,yes,here
BD5 9AA,yes,here
BD5 9AB,yes,here
BD5 9AD,yes,here
BD5 9AE,yes,here
BD5 9AF,yes,here
BD5 9AG,yes,here
BD5 9AH,yes,here
BD5 9AJ,yes,here
BD5 9AL,yes,here
BD5 9AN,yes,here
BD5 9AP,yes,here
BD5 9AQ,yes,here
BD5 9AR,yes,here
BD5 9AS,yes,here
BD5 9AT,yes,here
BD5 9AU,yes,here
BD5 9AW,yes,here
BD5 9AX,yes,here
BD5 9AY,yes,here
BD5 9AZ,yes,here
BD5 9BA,yes,here
BD5 9BB,yes,here
BD5 9BD,yes,here
BD5 9BE,yes,here
BD5 9BG,yes,here
BD5 9BL,yes,here
BD5 9BP,yes,here
BD5 9BS,yes,here
BD5 9BT,yes,here
BD5 9BU,yes,here
BD5 9BW,yes,here
BD5 9BX,yes,here
BD5 9BY,yes,here
BD5 9DA,yes,here
BD5 9DB,yes,here
BD5 9DD,yes,here
BD5 9DF,yes,here
BD5 9DG,yes,here
BD5 9DH,yes,here
BD5 9DJ,yes,here
BD5 9DL,yes,here
BD5 9DN,yes,here
BD5 9DP,yes,here
BD5 9DQ,yes,here
BD5 9DR,yes,here
BD5 9DS,yes,here
BD5 9DT,yes,here
BD5 9DU,yes,here
BD5 9DW,yes,here
BD5 9DX,yes,here
BD5 9DY,yes,here
BD5 9EA,yes,here
BD5 9EB,yes,here
BD5 9ED,yes,here
BD5 9EE,yes,here
BD5 9EF,yes,here
BD5 9EH,yes,here
BD5 9EL,yes,here
BD5 9EN,yes,here
BD5 9EP,yes,here
BD5 9EQ,yes,here
BD5 9ER,yes,here
BD5 9ES,yes,here
BD5 9ET,yes,here
BD5 9EX,yes,here
BD5 9EY,yes,here
BD5 9EZ,yes,here
BD5 9HA,yes,here
BD5 9HB,yes,here
BD5 9HD,yes,here
BD5 9HE,yes,here
BD5 9HH,yes,here
BD5 9HJ,yes,here
BD5 9HL,yes,here
BD5 9HN,yes,here
BD5 9HP,yes,here
BD5 9HQ,yes,here
BD5 9HR,yes,here
BD5 9HS,yes,here
BD5 9HT,yes,here
BD5 9HU,yes,here
BD5 9HW,yes,here
BD5 9HX,yes,here
BD5 9JA,yes,here
BD5 9JB,yes,here
BD5 9JH,yes,here
BD5 9JL,yes,here
BD5 9JP,yes,here
BD5 9JR,yes,here
BD5 9JS,yes,here
BD5 9JT,yes,here
BD5 9JU,yes,here
BD5 9JW,yes,here
BD5 9JX,yes,here
BD5 9JY,yes,here
BD5 9JZ,yes,here
BD5 9LA,yes,here
BD5 9LB,yes,here
BD5 9LD,yes,here
BD5 9LE,yes,here
BD5 9LH,yes,here
BD5 9LJ,yes,here
BD5 9LL,yes,here
BD5 9LN,yes,here
BD5 9LP,yes,here
BD5 9LQ,yes,here
BD5 9LR,yes,here
BD5 9LU,yes,here
BD5 9LX,yes,here
BD5 9LY,yes,here
BD5 9NA,yes,here
BD5 9NB,yes,here
BD5 9ND,yes,here
BD5 9NE,yes,here
BD5 9NL,yes,here
BD5 9NN,yes,here
BD5 9NP,yes,here
BD5 9NR,yes,here
BD5 9NS,yes,here
BD5 9NT,yes,here
BD5 9NU,yes,here
BD5 9NX,yes,here
BD5 9PA,yes,here
BD5 9PB,yes,here
BD5 9PD,yes,here
BD5 9PE,yes,here
BD5 9PF,yes,here
BD5 9PH,yes,here
BD5 9PJ,yes,here
BD5 9PL,yes,here
BD5 9PN,yes,here
BD5 9PP,yes,here
BD5 9PQ,yes,here
BD5 9PR,yes,here
BD5 9PT,yes,here
BD5 9PY,yes,here
BD5 9QA,yes,here
BD5 9QB,yes,here
BD5 9QD,yes,here
BD5 9QE,yes,here
BD5 9QF,yes,here
BD5 9QG,yes,here
BD5 9QH,yes,here
BD5 9QJ,yes,here
BD5 9QP,yes,here
BD5 9QQ,yes,here
BD5 9QR,yes,here
BD5 9QS,yes,here
BD5 9QT,yes,here
BD5 9RA,yes,here
BD5 9RB,yes,here
BD5 9RD,yes,here
BD5 9RE,yes,here
BD5 9RJ,yes,here
BD5 9RP,yes,here
BD5 9RQ,yes,here
BD6 1AA,yes,here
BD6 1AD,yes,here
BD6 1AE,yes,here
BD6 1AF,yes,here
BD6 1AG,yes,here
BD6 1AH,yes,here
BD6 1AJ,yes,here
BD6 1AL,yes,here
BD6 1AN,yes,here
BD6 1AP,yes,here
BD6 1AQ,yes,here
BD6 1AR,yes,here
BD6 1AS,yes,here
BD6 1AT,yes,here
BD6 1AU,yes,here
BD6 1AW,yes,here
BD6 1AX,yes,here
BD6 1AY,yes,here
BD6 1BA,yes,here
BD6 1BB,yes,here
BD6 1BD,yes,here
BD6 1BE,yes,here
BD6 1BG,yes,here
BD6 1BH,yes,here
BD6 1BJ,yes,here
BD6 1BN,yes,here
BD6 1BP,yes,here
BD6 1BQ,yes,here
BD6 1BS,yes,here
BD6 1BT,yes,here
BD6 1BU,yes,here
BD6 1BX,yes,here
BD6 1BY,yes,here
BD6 1BZ,yes,here
BD6 1DA,yes,here
BD6 1DB,yes,here
BD6 1DD,yes,here
BD6 1DE,yes,here
BD6 1DF,yes,here
BD6 1DG,yes,here
BD6 1DH,yes,here
BD6 1DJ,yes,here
BD6 1DN,yes,here
BD6 1DP,yes,here
BD6 1DQ,yes,here
BD6 1DR,yes,here
BD6 1DS,yes,here
BD6 1DT,yes,here
BD6 1DU,yes,here
BD6 1DW,yes,here
BD6 1DX,yes,here
BD6 1DY,yes,here
BD6 1DZ,yes,here
BD6 1EA,yes,here
BD6 1EB,yes,here
BD6 1ED,yes,here
BD6 1EE,yes,here
BD6 1EF,yes,here
BD6 1EG,yes,here
BD6 1EH,yes,here
BD6 1EJ,yes,here
BD6 1EL,yes,here
BD6 1EN,yes,here
BD6 1EP,yes,here
BD6 1EQ,yes,here
BD6 1ER,yes,here
BD6 1ES,yes,here
BD6 1ET,yes,here
BD6 1EW,yes,here
BD6 1EX,yes,here
BD6 1EY,yes,here
BD6 1FA,yes,here
BD6 1FB,yes,here
BD6 1FD,yes,here
BD6 1FE,yes,here
BD6 1FF,yes,here
BD6 1HA,yes,here
BD6 1HB,yes,here
BD6 1HD,yes,here
BD6 1HE,yes,here
BD6 1HF,yes,here
BD6 1HG,yes,here
BD6 1HH,yes,here
BD6 1HJ,yes,here
BD6 1HL,yes,here
BD6 1HN,yes,here
BD6 1HP,yes,here
BD6 1HQ,yes,here
BD6 1HR,yes,here
BD6 1HS,yes,here
BD6 1HT,yes,here
BD6 1HU,yes,here
BD6 1HW,yes,here
BD6 1HX,yes,here
BD6 1HY,yes,here
BD6 1HZ,yes,here
BD6 1JA,yes,here
BD6 1JB,yes,here
BD6 1JD,yes,here
BD6 1JE,yes,here
BD6 1JF,yes,here
BD6 1JG,yes,here
BD6 1JH,yes,here
BD6 1JJ,yes,here
BD6 1JL,yes,here
BD6 1JP,yes,here
BD6 1JQ,yes,here
BD6 1JR,yes,here
BD6 1JS,yes,here
BD6 1JU,yes,here
BD6 1JW,yes,here
BD6 1JX,yes,here
BD6 1JY,yes,here
BD6 1JZ,yes,here
BD6 1LA,yes,here
BD6 1LB,yes,here
BD6 1LD,yes,here
BD6 1LE,yes,here
BD6 1LF,yes,here
BD6 1LG,yes,here
BD6 1LH,yes,here
BD6 1LL,yes,here
BD6 1LN,yes,here
BD6 1LP,yes,here
BD6 1LQ,yes,here
BD6 1LR,yes,here
BD6 1LS,yes,here
BD6 1LT,yes,here
BD6 1LU,yes,here
BD6 1LX,yes,here
BD6 1LY,yes,here
BD6 1LZ,yes,here
BD6 1NA,yes,here
BD6 1NB,yes,here
BD6 1ND,yes,here
BD6 1NE,yes,here
BD6 1NG,yes,here
BD6 1NH,yes,here
BD6 1NJ,yes,here
BD6 1NL,yes,here
BD6 1NN,yes,here
BD6 1NP,yes,here
BD6 1NQ,yes,here
BD6 1NS,yes,here
BD6 1NT,yes,here
BD6 1NW,yes,here
BD6 1PH,yes,here
BD6 1PJ,yes,here
BD6 1PL,yes,here
BD6 1PN,yes,here
BD6 1PQ,yes,here
BD6 1PR,yes,here
BD6 1PS,yes,here
BD6 1PT,yes,here
BD6 1PU,yes,here
BD6 1PW,yes,here
BD6 1PX,yes,here
BD6 1PY,yes,here
BD6 1PZ,yes,here
BD6 1QA,yes,here
BD6 1QB,yes,here
BD6 1QD,yes,here
BD6 1QE,yes,here
BD6 1QF,yes,here
BD6 1QG,yes,here
BD6 1QH,yes,here
BD6 1QJ,yes,here
BD6 1QL,yes,here
BD6 1QN,yes,here
BD6 1QP,yes,here
BD6 1QQ,yes,here
BD6 1QR,yes,here
BD6 1QS,yes,here
BD6 1QU,yes,here
BD6 1QX,yes,here
BD6 1RA,yes,here
BD6 1RB,yes,here
BD6 1RD,yes,here
BD6 1RE,yes,here
BD6 1RF,yes,here
BD6 1RG,yes,here
BD6 1RH,yes,here
BD6 1RJ,yes,here
BD6 1RL,yes,here
BD6 1RN,yes,here
BD6 1RP,yes,here
BD6 1RQ,yes,here
BD6 1RR,yes,here
BD6 1RS,yes,here
BD6 1RT,yes,here
BD6 1RU,yes,here
BD6 1RW,yes,here
BD6 1RX,yes,here
BD6 1RY,yes,here
BD6 1RZ,yes,here
BD6 1SA,yes,here
BD6 1SB,yes,here
BD6 1SD,yes,here
BD6 1SE,yes,here
BD6 1SF,yes,here
BD6 1SG,yes,here
BD6 1SH,yes,here
BD6 1SN,yes,here
BD6 1SP,yes,here
BD6 1SQ,yes,here
BD6 1SR,yes,here
BD6 1SS,yes,here
BD6 1ST,yes,here
BD6 1SU,yes,here
BD6 1SW,yes,here
BD6 1SX,yes,here
BD6 1SY,yes,here
BD6 1SZ,yes,here
BD6 1TA,yes,here
BD6 1TB,yes,here
BD6 1TD,yes,here
BD6 1TE,yes,here
BD6 1TF,yes,here
BD6 1TG,yes,here
BD6 1TH,yes,here
BD6 1TJ,yes,here
BD6 1TL,yes,here
BD6 1TN,yes,here
BD6 1TP,yes,here
BD6 1TQ,yes,here
BD6 1TR,yes,here
BD6 1TS,yes,here
BD6 1TT,yes,here
BD6 1TU,yes,here
BD6 1TW,yes,here
BD6 1TX,yes,here
BD6 1TY,yes,here
BD6 1TZ,yes,here
BD6 1UA,yes,here
BD6 1UB,yes,here
BD6 1UD,yes,here
BD6 1UE,yes,here
BD6 1UG,yes,here
BD6 1UH,yes,here
BD6 1UJ,yes,here
BD6 1UL,yes,here
BD6 1UN,yes,here
BD6 1UP,yes,here
BD6 1UQ,yes,here
BD6 1UU,yes,here
BD6 1UW,yes,here
BD6 1UX,yes,here
BD6 1UY,yes,here
BD6 1UZ,yes,here
BD6 1YA,yes,here
BD6 2AA,yes,here
BD6 2AB,yes,here
BD6 2AD,yes,here
BD6 2AE,yes,here
BD6 2AF,yes,here
BD6 2AG,yes,here
BD6 2AH,yes,here
BD6 2AJ,yes,here
BD6 2AL,yes,here
BD6 2AN,yes,here
BD6 2AP,yes,here
BD6 2AQ,yes,here
BD6 2AR,yes,here
BD6 2AS,yes,here
BD6 2AT,yes,here
BD6 2AU,yes,here
BD6 2AW,yes,here
BD6 2AX,yes,here
BD6 2AY,yes,here
BD6 2AZ,yes,here
BD6 2BA,yes,here
BD6 2BB,yes,here
BD6 2BD,yes,here
BD6 2BE,yes,here
BD6 2BG,yes,here
BD6 2BH,yes,here
BD6 2BJ,yes,here
BD6 2BL,yes,here
BD6 2BN,yes,here
BD6 2BP,yes,here
BD6 2BS,yes,here
BD6 2BT,yes,here
BD6 2BU,yes,here
BD6 2BW,yes,here
BD6 2BX,yes,here
BD6 2BY,yes,here
BD6 2BZ,yes,here
BD6 2DA,yes,here
BD6 2DB,yes,here
BD6 2DD,yes,here
BD6 2DE,yes,here
BD6 2DF,yes,here
BD6 2DG,yes,here
BD6 2DH,yes,here
BD6 2DJ,yes,here
BD6 2DN,yes,here
BD6 2DQ,yes,here
BD6 2DR,yes,here
BD6 2DS,yes,here
BD6 2DT,yes,here
BD6 2DU,yes,here
BD6 2DW,yes,here
BD6 2DY,yes,here
BD6 2DZ,yes,here
BD6 2EA,yes,here
BD6 2EB,yes,here
BD6 2ED,yes,here
BD6 2EE,yes,here
BD6 2EG,yes,here
BD6 2EH,yes,here
BD6 2EJ,yes,here
BD6 2EL,yes,here
BD6 2EN,yes,here
BD6 2EP,yes,here
BD6 2EQ,yes,here
BD6 2ER,yes,here
BD6 2ES,yes,here
BD6 2ET,yes,here
BD6 2EU,yes,here
BD6 2EW,yes,here
BD6 2EX,yes,here
BD6 2EY,yes,here
BD6 2EZ,yes,here
BD6 2HA,yes,here
BD6 2HB,yes,here
BD6 2HD,yes,here
BD6 2HE,yes,here
BD6 2HF,yes,here
BD6 2HG,yes,here
BD6 2HJ,yes,here
BD6 2HL,yes,here
BD6 2HQ,yes,here
BD6 2HR,yes,here
BD6 2HS,yes,here
BD6 2HT,yes,here
BD6 2HU,yes,here
BD6 2HW,yes,here
BD6 2HX,yes,here
BD6 2JA,yes,here
BD6 2JB,yes,here
BD6 2JD,yes,here
BD6 2JE,yes,here
BD6 2JF,yes,here
BD6 2JH,yes,here
BD6 2JJ,yes,here
BD6 2JL,yes,here
BD6 2JP,yes,here
BD6 2JQ,yes,here
BD6 2JR,yes,here
BD6 2JS,yes,here
BD6 2JT,yes,here
BD6 2JU,yes,here
BD6 2JX,yes,here
BD6 2JY,yes,here
BD6 2JZ,yes,here
BD6 2LA,yes,here
BD6 2LB,yes,here
BD6 2LD,yes,here
BD6 2LE,yes,here
BD6 2LF,yes,here
BD6 2LG,yes,here
BD6 2LH,yes,here
BD6 2LJ,yes,here
BD6 2LL,yes,here
BD6 2LN,yes,here
BD6 2LP,yes,here
BD6 2LQ,yes,here
BD6 2LR,yes,here
BD6 2LS,yes,here
BD6 2LT,yes,here
BD6 2LU,yes,here
BD6 2LW,yes,here
BD6 2LX,yes,here
BD6 2LY,yes,here
BD6 2NA,yes,here
BD6 2NB,yes,here
BD6 2ND,yes,here
BD6 2NE,yes,here
BD6 2NF,yes,here
BD6 2NG,yes,here
BD6 2NH,yes,here
BD6 2NJ,yes,here
BD6 2NL,yes,here
BD6 2NN,yes,here
BD6 2NP,yes,here
BD6 2NQ,yes,here
BD6 2NS,yes,here
BD6 2NT,yes,here
BD6 2NW,yes,here
BD6 2NX,yes,here
BD6 2PE,yes,here
BD6 2PF,yes,here
BD6 2PG,yes,here
BD6 2PU,yes,here
BD6 2PX,yes,here
BD6 2PY,yes,here
BD6 2QJ,yes,here
BD6 2QP,yes,here
BD6 2QR,yes,here
BD6 2QS,yes,here
BD6 2QT,yes,here
BD6 2QU,yes,here
BD6 2QW,yes,here
BD6 2QX,yes,here
BD6 2QZ,yes,here
BD6 2RA,yes,here
BD6 2RB,yes,here
BD6 2RD,yes,here
BD6 2RE,yes,here
BD6 2RJ,yes,here
BD6 2RN,yes,here
BD6 2RS,yes,here
BD6 2RT,yes,here
BD6 2RY,yes,here
BD6 2RZ,yes,here
BD6 2SB,yes,here
BD6 2SD,yes,here
BD6 2SE,yes,here
BD6 2SF,yes,here
BD6 2SG,yes,here
BD6 2SH,yes,here
BD6 2SJ,yes,here
BD6 2SL,yes,here
BD6 2SP,yes,here
BD6 2SR,yes,here
BD6 2SS,yes,here
BD6 2ST,yes,here
BD6 2SW,yes,here
BD6 2SZ,yes,here
BD6 2TB,yes,here
BD6 2TD,yes,here
BD6 2TE,yes,here
BD6 2TF,yes,here
BD6 2TG,yes,here
BD6 2TH,yes,here
BD6 2TJ,yes,here
BD6 2TL,yes,here
BD6 2TN,yes,here
BD6 2TQ,yes,here
BD6 2TR,yes,here
BD6 2TS,yes,here
BD6 2TT,yes,here
BD6 2TU,yes,here
BD6 2TW,yes,here
BD6 2TX,yes,here
BD6 2TY,yes,here
BD6 2TZ,yes,here
BD6 2UB,yes,here
BD6 2UD,yes,here
BD6 2UE,yes,here
BD6 2UG,yes,here
BD6 3AA,yes,here
BD6 3AB,yes,here
BD6 3AD,yes,here
BD6 3AE,yes,here
BD6 3AF,yes,here
BD6 3AG,yes,here
BD6 3AH,yes,here
BD6 3AJ,yes,here
BD6 3AL,yes,here
BD6 3AN,yes,here
BD6 3AP,yes,here
BD6 3AQ,yes,here
BD6 3AR,yes,here
BD6 3AS,yes,here
BD6 3AT,yes,here
BD6 3AU,yes,here
BD6 3AW,yes,here
BD6 3AX,yes,here
BD6 3AY,yes,here
BD6 3AZ,yes,here
BD6 3BA,yes,here
BD6 3BB,yes,here
BD6 3BD,yes,here
BD6 3BE,yes,here
BD6 3BG,yes,here
BD6 3BJ,yes,here
BD6 3BL,yes,here
BD6 3BN,yes,here
BD6 3BP,yes,here
BD6 3BQ,yes,here
BD6 3BR,yes,here
BD6 3BS,yes,here
BD6 3BT,yes,here
BD6 3BU,yes,here
BD6 3BW,yes,here
BD6 3BX,yes,here
BD6 3BY,yes,here
BD6 3BZ,yes,here
BD6 3DA,yes,here
BD6 3DB,yes,here
BD6 3DE,yes,here
BD6 3DF,yes,here
BD6 3DG,yes,here
BD6 3DH,yes,here
BD6 3DJ,yes,here
BD6 3DL,yes,here
BD6 3DN,yes,here
BD6 3DP,yes,here
BD6 3DQ,yes,here
BD6 3DR,yes,here
BD6 3DS,yes,here
BD6 3DT,yes,here
BD6 3DU,yes,here
BD6 3DW,yes,here
BD6 3DX,yes,here
BD6 3DY,yes,here
BD6 3DZ,yes,here
BD6 3EA,yes,here
BD6 3EB,yes,here
BD6 3ED,yes,here
BD6 3EE,yes,here
BD6 3EF,yes,here
BD6 3EG,yes,here
BD6 3EH,yes,here
BD6 3EJ,yes,here
BD6 3EL,yes,here
BD6 3EN,yes,here
BD6 3EP,yes,here
BD6 3EQ,yes,here
BD6 3ER,yes,here
BD6 3ES,yes,here
BD6 3ET,yes,here
BD6 3EU,yes,here
BD6 3EW,yes,here
BD6 3EX,yes,here
BD6 3EY,yes,here
BD6 3EZ,yes,here
BD6 3FA,yes,here
BD6 3FB,yes,here
BD6 3FD,yes,here
BD6 3FE,yes,here
BD6 3FF,yes,here
BD6 3FG,yes,here
BD6 3FH,yes,here
BD6 3FJ,yes,here
BD6 3HA,yes,here
BD6 3HB,yes,here
BD6 3HD,yes,here
BD6 3HH,yes,here
BD6 3HJ,yes,here
BD6 3HL,yes,here
BD6 3HN,yes,here
BD6 3HS,yes,here
BD6 3HT,yes,here
BD6 3HU,yes,here
BD6 3HX,yes,here
BD6 3HY,yes,here
BD6 3HZ,yes,here
BD6 3JA,yes,here
BD6 3JB,yes,here
BD6 3JD,yes,here
BD6 3JE,yes,here
BD6 3JF,yes,here
BD6 3JG,yes,here
BD6 3JH,yes,here
BD6 3JJ,yes,here
BD6 3JL,yes,here
BD6 3JN,yes,here
BD6 3JP,yes,here
BD6 3JQ,yes,here
BD6 3JS,yes,here
BD6 3JT,yes,here
BD6 3JU,yes,here
BD6 3JX,yes,here
BD6 3JY,yes,here
BD6 3JZ,yes,here
BD6 3LA,yes,here
BD6 3LB,yes,here
BD6 3LD,yes,here
BD6 3LE,yes,here
BD6 3LF,yes,here
BD6 3LG,yes,here
BD6 3LH,yes,here
BD6 3LJ,yes,here
BD6 3LL,yes,here
BD6 3LN,yes,here
BD6 3LP,yes,here
BD6 3LQ,yes,here
BD6 3LU,yes,here
BD6 3LX,yes,here
BD6 3NA,yes,here
BD6 3NB,yes,here
BD6 3ND,yes,here
BD6 3NE,yes,here
BD6 3NF,yes,here
BD6 3NG,yes,here
BD6 3NH,yes,here
BD6 3NJ,yes,here
BD6 3NN,yes,here
BD6 3NP,yes,here
BD6 3NQ,yes,here
BD6 3NR,yes,here
BD6 3NS,yes,here
BD6 3NT,yes,here
BD6 3NU,yes,here
BD6 3NW,yes,here
BD6 3NX,yes,here
BD6 3NY,yes,here
BD6 3PA,yes,here
BD6 3PB,yes,here
BD6 3PD,yes,here
BD6 3PE,yes,here
BD6 3PF,yes,here
BD6 3PG,yes,here
BD6 3PH,yes,here
BD6 3PJ,yes,here
BD6 3PL,yes,here
BD6 3PN,yes,here
BD6 3PP,yes,here
BD6 3PQ,yes,here
BD6 3PR,yes,here
BD6 3PS,yes,here
BD6 3PT,yes,here
BD6 3PU,yes,here
BD6 3PW,yes,here
BD6 3PX,yes,here
BD6 3PY,yes,here
BD6 3PZ,yes,here
BD6 3QA,yes,here
BD6 3QB,yes,here
BD6 3QD,yes,here
BD6 3QE,yes,here
BD6 3QF,yes,here
BD6 3QG,yes,here
BD6 3QH,yes,here
BD6 3QJ,yes,here
BD6 3QL,yes,here
BD6 3QN,yes,here
BD6 3QQ,yes,here
BD6 3QR,yes,here
BD6 3QS,yes,here
BD6 3QT,yes,here
BD6 3QU,yes,here
BD6 3QW,yes,here
BD6 3QX,yes,here
BD6 3QY,yes,here
BD6 3QZ,yes,here
BD6 3RA,yes,here
BD6 3RB,yes,here
BD6 3RD,yes,here
BD6 3RE,yes,here
BD6 3RF,yes,here
BD6 3RG,yes,here
BD6 3RH,yes,here
BD6 3RJ,yes,here
BD6 3RL,yes,here
BD6 3RN,yes,here
BD6 3RP,yes,here
BD6 3RQ,yes,here
BD6 3RR,yes,here
BD6 3RS,yes,here
BD6 3RT,yes,here
BD6 3RU,yes,here
BD6 3RW,yes,here
BD6 3RY,yes,here
BD6 3RZ,yes,here
BD6 3SA,yes,here
BD6 3SB,yes,here
BD6 3SD,yes,here
BD6 3SE,yes,here
BD6 3SG,yes,here
BD6 3SH,yes,here
BD6 3SJ,yes,here
BD6 3SL,yes,here
BD6 3SN,yes,here
BD6 3SP,yes,here
BD6 3SQ,yes,here
BD6 3SS,yes,here
BD6 3ST,yes,here
BD6 3SU,yes,here
BD6 3SW,yes,here
BD6 3TS,yes,here
BD6 3TT,yes,here
BD6 3TU,yes,here
BD6 3TX,yes,here
BD6 3TY,yes,here
BD6 3UA,yes,here
BD6 3UB,yes,here
BD6 3UD,yes,here
BD6 3UE,yes,here
BD6 3UF,yes,here
BD6 3UG,yes,here
BD6 3UH,yes,here
BD6 3WE,yes,here
BD6 3WF,yes,here
BD6 3WG,yes,here
BD6 3WH,yes,here
BD6 3WN,yes,here
BD6 3WP,yes,here
BD6 3WT,yes,here
BD6 3WU,yes,here
BD6 3WW,yes,here
BD6 3WX,yes,here
BD6 3WY,yes,here
BD6 3WZ,yes,here
BD6 3XA,yes,here
BD6 3XB,yes,here
BD6 3XD,yes,here
BD6 3XE,yes,here
BD6 3XF,yes,here
BD6 3XG,yes,here
BD6 3XH,yes,here
BD6 3XJ,yes,here
BD6 3XL,yes,here
BD6 3XN,yes,here
BD6 3XP,yes,here
BD6 3XQ,yes,here
BD6 3XR,yes,here
BD6 3XS,yes,here
BD6 3XT,yes,here
BD6 3XU,yes,here
BD6 3XW,yes,here
BD6 3XX,yes,here
BD6 3XY,yes,here
BD6 3XZ,yes,here
BD6 3YA,yes,here
BD6 3YB,yes,here
BD6 3YD,yes,here
BD6 3YE,yes,here
BD6 3YF,yes,here
BD6 3YG,yes,here
BD6 3YH,yes,here
BD6 3YJ,yes,here
BD6 3YN,yes,here
BD6 3YP,yes,here
BD6 3YQ,yes,here
BD6 3YR,yes,here
BD6 3YS,yes,here
BD6 3YT,yes,here
BD7 1AA,yes,here
BD7 1AB,yes,here
BD7 1AD,yes,here
BD7 1AE,yes,here
BD7 1AF,yes,here
BD7 1AG,yes,here
BD7 1AH,yes,here
BD7 1AJ,yes,here
BD7 1AL,yes,here
BD7 1AQ,yes,here
BD7 1AT,yes,here
BD7 1AU,yes,here
BD7 1AY,yes,here
BD7 1AZ,yes,here
BD7 1BA,yes,here
BD7 1BB,yes,here
BD7 1BD,yes,here
BD7 1BE,yes,here
BD7 1BG,yes,here
BD7 1BL,yes,here
BD7 1BN,yes,here
BD7 1BP,yes,here
BD7 1BQ,yes,here
BD7 1BS,yes,here
BD7 1BW,yes,here
BD7 1DB,yes,here
BD7 1DD,yes,here
BD7 1DF,yes,here
BD7 1DJ,yes,here
BD7 1DL,yes,here
BD7 1DP,yes,here
BD7 1DQ,yes,here
BD7 1HR,yes,here
BD7 1HT,yes,here
BD7 1HX,yes,here
BD7 1HZ,yes,here
BD7 1JA,yes,here
BD7 1JB,yes,here
BD7 1JD,yes,here
BD7 1JE,yes,here
BD7 1JG,yes,here
BD7 1JP,yes,here
BD7 1JR,yes,here
BD7 1JS,yes,here
BD7 1JT,yes,here
BD7 1JU,yes,here
BD7 1JY,yes,here
BD7 1JZ,yes,here
BD7 1LA,yes,here
BD7 1LB,yes,here
BD7 1LD,yes,here
BD7 1LG,yes,here
BD7 1LH,yes,here
BD7 1LN,yes,here
BD7 1LP,yes,here
BD7 1LR,yes,here
BD7 1LU,yes,here
BD7 1LW,yes,here
BD7 1LY,yes,here
BD7 1NA,yes,here
BD7 1ND,yes,here
BD7 1NH,yes,here
BD7 1NP,yes,here
BD7 1NQ,yes,here
BD7 1NS,yes,here
BD7 1NX,yes,here
BD7 1PD,yes,here
BD7 1PH,yes,here
BD7 1PP,yes,here
BD7 1PS,yes,here
BD7 1PU,yes,here
BD7 1PX,yes,here
BD7 1QA,yes,here
BD7 1QE,yes,here
BD7 1QF,yes,here
BD7 1QG,yes,here
BD7 1QH,yes,here
BD7 1QJ,yes,here
BD7 1QP,yes,here
BD7 1QR,yes,here
BD7 1QT,yes,here
BD7 1QU,yes,here
BD7 1QX,yes,here
BD7 1RA,yes,here
BD7 1RB,yes,here
BD7 1RD,yes,here
BD7 1RE,yes,here
BD7 1RF,yes,here
BD7 1RG,yes,here
BD7 1RH,yes,here
BD7 1RJ,yes,here
BD7 1RL,yes,here
BD7 1RN,yes,here
BD7 1RP,yes,here
BD7 1RQ,yes,here
BD7 1RR,yes,here
BD7 1RS,yes,here
BD7 1RT,yes,here
BD7 1RW,yes,here
BD7 1SA,yes,here
BD7 2AA,yes,here
BD7 2AB,yes,here
BD7 2AD,yes,here
BD7 2AE,yes,here
BD7 2AF,yes,here
BD7 2AG,yes,here
BD7 2AH,yes,here
BD7 2AJ,yes,here
BD7 2AN,yes,here
BD7 2AP,yes,here
BD7 2AQ,yes,here
BD7 2AR,yes,here
BD7 2AS,yes,here
BD7 2AT,yes,here
BD7 2AU,yes,here
BD7 2AW,yes,here
BD7 2AX,yes,here
BD7 2AY,yes,here
BD7 2AZ,yes,here
BD7 2BA,yes,here
BD7 2BB,yes,here
BD7 2BD,yes,here
BD7 2BG,yes,here
BD7 2BH,yes,here
BD7 2BL,yes,here
BD7 2BN,yes,here
BD7 2BR,yes,here
BD7 2BT,yes,here
BD7 2BU,yes,here
BD7 2BW,yes,here
BD7 2BX,yes,here
BD7 2BY,yes,here
BD7 2BZ,yes,here
BD7 2DA,yes,here
BD7 2DD,yes,here
BD7 2DE,yes,here
BD7 2DF,yes,here
BD7 2DG,yes,here
BD7 2DH,yes,here
BD7 2DJ,yes,here
BD7 2DL,yes,here
BD7 2DN,yes,here
BD7 2DP,yes,here
BD7 2DQ,yes,here
BD7 2DR,yes,here
BD7 2DW,yes,here
BD7 2EA,yes,here
BD7 2EB,yes,here
BD7 2ED,yes,here
BD7 2EE,yes,here
BD7 2EF,yes,here
BD7 2EG,yes,here
BD7 2EH,yes,here
BD7 2EJ,yes,here
BD7 2EL,yes,here
BD7 2EN,yes,here
BD7 2EP,yes,here
BD7 2EQ,yes,here
BD7 2ER,yes,here
BD7 2ES,yes,here
BD7 2ET,yes,here
BD7 2EU,yes,here
BD7 2EW,yes,here
BD7 2EX,yes,here
BD7 2EY,yes,here
BD7 2FD,yes,here
BD7 2FE,yes,here
BD7 2FH,yes,here
BD7 2FN,yes,here
BD7 2FQ,yes,here
BD7 2HD,yes,here
BD7 2HE,yes,here
BD7 2HF,yes,here
BD7 2HG,yes,here
BD7 2HH,yes,here
BD7 2HJ,yes,here
BD7 2HL,yes,here
BD7 2HN,yes,here
BD7 2HQ,yes,here
BD7 2HR,yes,here
BD7 2HS,yes,here
BD7 2HT,yes,here
BD7 2HU,yes,here
BD7 2HW,yes,here
BD7 2HX,yes,here
BD7 2HY,yes,here
BD7 2JA,yes,here
BD7 2JB,yes,here
BD7 2JJ,yes,here
BD7 2JL,yes,here
BD7 2JN,yes,here
BD7 2JP,yes,here
BD7 2JS,yes,here
BD7 2JW,yes,here
BD7 2JX,yes,here
BD7 2LB,yes,here
BD7 2LE,yes,here
BD7 2LF,yes,here
BD7 2LG,yes,here
BD7 2LH,yes,here
BD7 2LJ,yes,here
BD7 2LL,yes,here
BD7 2LN,yes,here
BD7 2LP,yes,here
BD7 2LQ,yes,here
BD7 2LR,yes,here
BD7 2LS,yes,here
BD7 2LT,yes,here
BD7 2LU,yes,here
BD7 2LW,yes,here
BD7 2LX,yes,here
BD7 2LY,yes,here
BD7 2LZ,yes,here
BD7 2NB,yes,here
BD7 2NF,yes,here
BD7 2NH,yes,here
BD7 2NJ,yes,here
BD7 2NL,yes,here
BD7 2NN,yes,here
BD7 2NW,yes,here
BD7 2NX,yes,here
BD7 2PA,yes,here
BD7 2PB,yes,here
BD7 2PD,yes,here
BD7 2PE,yes,here
BD7 2PF,yes,here
BD7 2PG,yes,here
BD7 2PH,yes,here
BD7 2PJ,yes,here
BD7 2PL,yes,here
BD7 2PN,yes,here
BD7 2PP,yes,here
BD7 2PQ,yes,here
BD7 2PR,yes,here
BD7 2PS,yes,here
BD7 2PT,yes,here
BD7 2PU,yes,here
BD7 2PW,yes,here
BD7 2PX,yes,here
BD7 2PY,yes,here
BD7 2PZ,yes,here
BD7 2QA,yes,here
BD7 2QB,yes,here
BD7 2QD,yes,here
BD7 2QE,yes,here
BD7 2QF,yes,here
BD7 2QG,yes,here
BD7 2QH,yes,here
BD7 2QJ,yes,here
BD7 2QL,yes,here
BD7 2QN,yes,here
BD7 2QP,yes,here
BD7 2QQ,yes,here
BD7 2QR,yes,here
BD7 2QT,yes,here
BD7 2QU,yes,here
BD7 2QY,yes,here
BD7 2RA,yes,here
BD7 2RB,yes,here
BD7 2RD,yes,here
BD7 2RE,yes,here
BD7 2RH,yes,here
BD7 2RJ,yes,here
BD7 2RL,yes,here
BD7 2RN,yes,here
BD7 2RP,yes,here
BD7 2RR,yes,here
BD7 2RS,yes,here
BD7 2RT,yes,here
BD7 2RU,yes,here
BD7 2RW,yes,here
BD7 2RX,yes,here
BD7 2RY,yes,here
BD7 2RZ,yes,here
BD7 2SA,yes,here
BD7 2SB,yes,here
BD7 2SD,yes,here
BD7 2SE,yes,here
BD7 2SF,yes,here
BD7 2SG,yes,here
BD7 2SH,yes,here
BD7 2SJ,yes,here
BD7 2SL,yes,here
BD7 2SN,yes,here
BD7 2SQ,yes,here
BD7 2TA,yes,here
BD7 2TB,yes,here
BD7 2TD,yes,here
BD7 2TE,yes,here
BD7 2TG,yes,here
BD7 2TQ,yes,here
BD7 3AA,yes,here
BD7 3AB,yes,here
BD7 3AD,yes,here
BD7 3AE,yes,here
BD7 3AF,yes,here
BD7 3AG,yes,here
BD7 3AH,yes,here
BD7 3AJ,yes,here
BD7 3AL,yes,here
BD7 3AN,yes,here
BD7 3AP,yes,here
BD7 3AQ,yes,here
BD7 3AR,yes,here
BD7 3AT,yes,here
BD7 3AU,yes,here
BD7 3AW,yes,here
BD7 3AY,yes,here
BD7 3AZ,yes,here
BD7 3BB,yes,here
BD7 3BD,yes,here
BD7 3BE,yes,here
BD7 3BG,yes,here
BD7 3BH,yes,here
BD7 3BJ,yes,here
BD7 3BL,yes,here
BD7 3BN,yes,here
BD7 3BP,yes,here
BD7 3BQ,yes,here
BD7 3BS,yes,here
BD7 3BT,yes,here
BD7 3BU,yes,here
BD7 3BW,yes,here
BD7 3BX,yes,here
BD7 3BY,yes,here
BD7 3BZ,yes,here
BD7 3DA,yes,here
BD7 3DB,yes,here
BD7 3DE,yes,here
BD7 3DF,yes,here
BD7 3DG,yes,here
BD7 3DH,yes,here
BD7 3DJ,yes,here
BD7 3DL,yes,here
BD7 3DN,yes,here
BD7 3DP,yes,here
BD7 3DQ,yes,here
BD7 3DR,yes,here
BD7 3DS,yes,here
BD7 3DT,yes,here
BD7 3DU,yes,here
BD7 3DX,yes,here
BD7 3DY,yes,here
BD7 3DZ,yes,here
BD7 3ED,yes,here
BD7 3EG,yes,here
BD7 3EJ,yes,here
BD7 3EN,yes,here
BD7 3EP,yes,here
BD7 3ER,yes,here
BD7 3ES,yes,here
BD7 3ET,yes,here
BD7 3EU,yes,here
BD7 3EW,yes,here
BD7 3EX,yes,here
BD7 3EY,yes,here
BD7 3EZ,yes,here
BD7 3HD,yes,here
BD7 3HG,yes,here
BD7 3HH,yes,here
BD7 3HJ,yes,here
BD7 3HL,yes,here
BD7 3HN,yes,here
BD7 3HQ,yes,here
BD7 3HR,yes,here
BD7 3HS,yes,here
BD7 3HT,yes,here
BD7 3HU,yes,here
BD7 3HW,yes,here
BD7 3HX,yes,here
BD7 3HY,yes,here
BD7 3HZ,yes,here
BD7 3JA,yes,here
BD7 3JB,yes,here
BD7 3JE,yes,here
BD7 3JG,yes,here
BD7 3JQ,yes,here
BD7 3JT,yes,here
BD7 3JU,yes,here
BD7 3JX,yes,here
BD7 3JZ,yes,here
BD7 3LA,yes,here
BD7 3LB,yes,here
BD7 3LD,yes,here
BD7 3LE,yes,here
BD7 3LF,yes,here
BD7 3LG,yes,here
BD7 3LH,yes,here
BD7 3LJ,yes,here
BD7 3LL,yes,here
BD7 3LN,yes,here
BD7 3LQ,yes,here
BD7 3LR,yes,here
BD7 3LS,yes,here
BD7 3LT,yes,here
BD7 3LU,yes,here
BD7 3LW,yes,here
BD7 3LX,yes,here
BD7 3LY,yes,here
BD7 3LZ,yes,here
BD7 3NA,yes,here
BD7 3NB,yes,here
BD7 3ND,yes,here
BD7 3NE,yes,here
BD7 3NF,yes,here
BD7 3NG,yes,here
BD7 3NH,yes,here
BD7 3NJ,yes,here
BD7 3NL,yes,here
BD7 3NN,yes,here
BD7 3NP,yes,here
BD7 3NQ,yes,here
BD7 3NR,yes,here
BD7 3NS,yes,here
BD7 3NT,yes,here
BD7 3NU,yes,here
BD7 3NW,yes,here
BD7 3NX,yes,here
BD7 3PA,yes,here
BD7 3PB,yes,here
BD7 3PD,yes,here
BD7 3PE,yes,here
BD7 3PF,yes,here
BD7 3PG,yes,here
BD7 3PH,yes,here
BD7 3PJ,yes,here
BD7 3PL,yes,here
BD7 3PN,yes,here
BD7 3PP,yes,here
BD7 3PR,yes,here
BD7 3PU,yes,here
BD7 3PX,yes,here
BD7 4AA,yes,here
BD7 4AB,yes,here
BD7 4AE,yes,here
BD7 4AF,yes,here
BD7 4AG,yes,here
BD7 4AH,yes,here
BD7 4AJ,yes,here
BD7 4AL,yes,here
BD7 4AN,yes,here
BD7 4AP,yes,here
BD7 4AQ,yes,here
BD7 4AR,yes,here
BD7 4AS,yes,here
BD7 4AT,yes,here
BD7 4AU,yes,here
BD7 4AX,yes,here
BD7 4AY,yes,here
BD7 4AZ,yes,here
BD7 4BA,yes,here
BD7 4BB,yes,here
BD7 4BD,yes,here
BD7 4BE,yes,here
BD7 4BG,yes,here
BD7 4BH,yes,here
BD7 4BJ,yes,here
BD7 4BL,yes,here
BD7 4BP,yes,here
BD7 4BQ,yes,here
BD7 4BR,yes,here
BD7 4BS,yes,here
BD7 4BT,yes,here
BD7 4BU,yes,here
BD7 4BW,yes,here
BD7 4BX,yes,here
BD7 4BY,yes,here
BD7 4BZ,yes,here
BD7 4DA,yes,here
BD7 4DB,yes,here
BD7 4DD,yes,here
BD7 4DE,yes,here
BD7 4DF,yes,here
BD7 4DH,yes,here
BD7 4DL,yes,here
BD7 4DN,yes,here
BD7 4DP,yes,here
BD7 4DR,yes,here
BD7 4DS,yes,here
BD7 4DT,yes,here
BD7 4DU,yes,here
BD7 4DW,yes,here
BD7 4DX,yes,here
BD7 4DY,yes,here
BD7 4DZ,yes,here
BD7 4EA,yes,here
BD7 4EB,yes,here
BD7 4ED,yes,here
BD7 4EE,yes,here
BD7 4EF,yes,here
BD7 4EG,yes,here
BD7 4EH,yes,here
BD7 4EJ,yes,here
BD7 4EL,yes,here
BD7 4EQ,yes,here
BD7 4ER,yes,here
BD7 4EU,yes,here
BD7 4EW,yes,here
BD7 4EX,yes,here
BD7 4EY,yes,here
BD7 4EZ,yes,here
BD7 4HA,yes,here
BD7 4HB,yes,here
BD7 4HD,yes,here
BD7 4HE,yes,here
BD7 4HF,yes,here
BD7 4HG,yes,here
BD7 4HJ,yes,here
BD7 4HL,yes,here
BD7 4HN,yes,here
BD7 4HP,yes,here
BD7 4HQ,yes,here
BD7 4HR,yes,here
BD7 4HS,yes,here
BD7 4HT,yes,here
BD7 4HU,yes,here
BD7 4HW,yes,here
BD7 4HX,yes,here
BD7 4HY,yes,here
BD7 4HZ,yes,here
BD7 4JA,yes,here
BD7 4JB,yes,here
BD7 4JD,yes,here
BD7 4JE,yes,here
BD7 4JF,yes,here
BD7 4JG,yes,here
BD7 4JH,yes,here
BD7 4JJ,yes,here
BD7 4JN,yes,here
BD7 4JQ,yes,here
BD7 4JR,yes,here
BD7 4JS,yes,here
BD7 4JT,yes,here
BD7 4JU,yes,here
BD7 4JW,yes,here
BD7 4JX,yes,here
BD7 4JY,yes,here
BD7 4JZ,yes,here
BD7 4LA,yes,here
BD7 4LB,yes,here
BD7 4LD,yes,here
BD7 4LE,yes,here
BD7 4LF,yes,here
BD7 4LG,yes,here
BD7 4LH,yes,here
BD7 4LJ,yes,here
BD7 4LL,yes,here
BD7 4LP,yes,here
BD7 4LQ,yes,here
BD7 4LT,yes,here
BD7 4LU,yes,here
BD7 4LX,yes,here
BD7 4LY,yes,here
BD7 4LZ,yes,here
BD7 4NA,yes,here
BD7 4NB,yes,here
BD7 4ND,yes,here
BD7 4NE,yes,here
BD7 4NF,yes,here
BD7 4NG,yes,here
BD7 4NH,yes,here
BD7 4NJ,yes,here
BD7 4NL,yes,here
BD7 4NN,yes,here
BD7 4NP,yes,here
BD7 4NQ,yes,here
BD7 4NR,yes,here
BD7 4NS,yes,here
BD7 4NT,yes,here
BD7 4NU,yes,here
BD7 4NW,yes,here
BD7 4NX,yes,here
BD7 4PA,yes,here
BD7 4PB,yes,here
BD7 4PD,yes,here
BD7 4PE,yes,here
BD7 4PF,yes,here
BD7 4PG,yes,here
BD7 4PH,yes,here
BD7 4PJ,yes,here
BD7 4PL,yes,here
BD7 4PN,yes,here
BD7 4PP,yes,here
BD7 4PQ,yes,here
BD7 4PR,yes,here
BD7 4PS,yes,here
BD7 4PT,yes,here
BD7 4PU,yes,here
BD7 4PW,yes,here
BD7 4PX,yes,here
BD7 4PY,yes,here
BD7 4PZ,yes,here
BD7 4QA,yes,here
BD7 4QB,yes,here
BD7 4QF,yes,here
BD7 4QH,yes,here
BD7 4QL,yes,here
BD7 4QN,yes,here
BD7 4QP,yes,here
BD7 4QR,yes,here
BD7 4QS,yes,here
BD7 4QW,yes,here
BD7 4QX,yes,here
BD7 4QY,yes,here
BD7 4QZ,yes,here
BD7 4RA,yes,here
BD7 4RB,yes,here
BD7 4RD,yes,here
BD7 4RE,yes,here
BD7 4RF,yes,here
BD7 4RG,yes,here
BD7 4RH,yes,here
BD7 4RJ,yes,here
BD7 4RL,yes,here
BD7 4RN,yes,here
BD7 4RP,yes,here
BD7 4RQ,yes,here
BD7 4RR,yes,here
BD7 4RS,yes,here
BD7 4RT,yes,here
BD7 4RU,yes,here
BD7 4RW,yes,here
BD7 4RY,yes,here
BD7 4RZ,yes,here
BD8 0AA,yes,here
BD8 0AB,yes,here
BD8 0AD,yes,here
BD8 0AE,yes,here
BD8 0AF,yes,here
BD8 0AG,yes,here
BD8 0AH,yes,here
BD8 0AJ,yes,here
BD8 0AL,yes,here
BD8 0AN,yes,here
BD8 0AP,yes,here
BD8 0AQ,yes,here
BD8 0AS,yes,here
BD8 0AT,yes,here
BD8 0AU,yes,here
BD8 0AW,yes,here
BD8 0AX,yes,here
BD8 0AY,yes,here
BD8 0AZ,yes,here
BD8 0BB,yes,here
BD8 0BD,yes,here
BD8 0BE,yes,here
BD8 0BG,yes,here
BD8 0BH,yes,here
BD8 0BJ,yes,here
BD8 0BL,yes,here
BD8 0BN,yes,here
BD8 0BQ,yes,here
BD8 0BR,yes,here
BD8 0BS,yes,here
BD8 0BT,yes,here
BD8 0BU,yes,here
BD8 0BW,yes,here
BD8 0BX,yes,here
BD8 0BY,yes,here
BD8 0BZ,yes,here
BD8 0DA,yes,here
BD8 0DB,yes,here
BD8 0DD,yes,here
BD8 0DE,yes,here
BD8 0DF,yes,here
BD8 0DG,yes,here
BD8 0DH,yes,here
BD8 0DJ,yes,here
BD8 0DL,yes,here
BD8 0DN,yes,here
BD8 0DP,yes,here
BD8 0DQ,yes,here
BD8 0DR,yes,here
BD8 0DS,yes,here
BD8 0DT,yes,here
BD8 0DU,yes,here
BD8 0DX,yes,here
BD8 0DY,yes,here
BD8 0DZ,yes,here
BD8 0EA,yes,here
BD8 0EB,yes,here
BD8 0ED,yes,here
BD8 0EE,yes,here
BD8 0EF,yes,here
BD8 0EG,yes,here
BD8 0EH,yes,here
BD8 0EJ,yes,here
BD8 0EL,yes,here
BD8 0EN,yes,here
BD8 0EP,yes,here
BD8 0EQ,yes,here
BD8 0ER,yes,here
BD8 0ES,yes,here
BD8 0ET,yes,here
BD8 0EU,yes,here
BD8 0EW,yes,here
BD8 0EX,yes,here
BD8 0EY,yes,here
BD8 0EZ,yes,here
BD8 0FB,yes,here
BD8 0FD,yes,here
BD8 0FE,yes,here
BD8 0HA,yes,here
BD8 0HH,yes,here
BD8 0HJ,yes,here
BD8 0HL,yes,here
BD8 0HP,yes,here
BD8 0HR,yes,here
BD8 0HS,yes,here
BD8 0HT,yes,here
BD8 0HU,yes,here
BD8 0HY,yes,here
BD8 0JA,yes,here
BD8 0JB,yes,here
BD8 0JD,yes,here
BD8 0JE,yes,here
BD8 0JG,yes,here
BD8 0JJ,yes,here
BD8 0JL,yes,here
BD8 0JN,yes,here
BD8 0JP,yes,here
BD8 0JQ,yes,here
BD8 0JR,yes,here
BD8 0JS,yes,here
BD8 0JT,yes,here
BD8 0JU,yes,here
BD8 0JW,yes,here
BD8 0JZ,yes,here
BD8 0LA,yes,here
BD8 0LB,yes,here
BD8 0LE,yes,here
BD8 0LF,yes,here
BD8 0LG,yes,here
BD8 0LH,yes,here
BD8 0LJ,yes,here
BD8 0LL,yes,here
BD8 0LN,yes,here
BD8 0LP,yes,here
BD8 0LQ,yes,here
BD8 0LR,yes,here
BD8 0LS,yes,here
BD8 0LT,yes,here
BD8 0LU,yes,here
BD8 0LW,yes,here
BD8 0LX,yes,here
BD8 0LY,yes,here
BD8 0LZ,yes,here
BD8 0NA,yes,here
BD8 0NB,yes,here
BD8 0ND,yes,here
BD8 0NE,yes,here
BD8 0NF,yes,here
BD8 0NG,yes,here
BD8 0NH,yes,here
BD8 0NJ,yes,here
BD8 0NL,yes,here
BD8 0NP,yes,here
BD8 0NQ,yes,here
BD8 0NR,yes,here
BD8 0NS,yes,here
BD8 0NT,yes,here
BD8 0NU,yes,here
BD8 0NW,yes,here
BD8 0PA,yes,here
BD8 0PB,yes,here
BD8 0PD,yes,here
BD8 0PE,yes,here
BD8 0PF,yes,here
BD8 0PG,yes,here
BD8 0PH,yes,here
BD8 0PJ,yes,here
BD8 0PL,yes,here
BD8 0PN,yes,here
BD8 0PP,yes,here
BD8 0PQ,yes,here
BD8 0PR,yes,here
BD8 0PT,yes,here
BD8 0PU,yes,here
BD8 0PW,yes,here
BD8 0PX,yes,here
BD8 0PY,yes,here
BD8 0PZ,yes,here
BD8 0QA,yes,here
BD8 0QB,yes,here
BD8 0QD,yes,here
BD8 0QN,yes,here
BD8 0QR,yes,here
BD8 0QS,yes,here
BD8 0QU,yes,here
BD8 0RA,yes,here
BD8 0RB,yes,here
BD8 0RD,yes,here
BD8 0RE,yes,here
BD8 0RF,yes,here
BD8 0RG,yes,here
BD8 0RH,yes,here
BD8 0RJ,yes,here
BD8 0RL,yes,here
BD8 7AA,yes,here
BD8 7AB,yes,here
BD8 7AD,yes,here
BD8 7AE,yes,here
BD8 7AG,yes,here
BD8 7AH,yes,here
BD8 7AJ,yes,here
BD8 7AL,yes,here
BD8 7AN,yes,here
BD8 7AP,yes,here
BD8 7AQ,yes,here
BD8 7AR,yes,here
BD8 7AS,yes,here
BD8 7AT,yes,here
BD8 7AU,yes,here
BD8 7AX,yes,here
BD8 7AY,yes,here
BD8 7AZ,yes,here
BD8 7BA,yes,here
BD8 7BD,yes,here
BD8 7BE,yes,here
BD8 7BG,yes,here
BD8 7BH,yes,here
BD8 7BJ,yes,here
BD8 7BL,yes,here
BD8 7BN,yes,here
BD8 7BQ,yes,here
BD8 7BS,yes,here
BD8 7BT,yes,here
BD8 7BU,yes,here
BD8 7BX,yes,here
BD8 7BY,yes,here
BD8 7BZ,yes,here
BD8 7DA,yes,here
BD8 7DD,yes,here
BD8 7DF,yes,here
BD8 7DG,yes,here
BD8 7DH,yes,here
BD8 7DJ,yes,here
BD8 7DL,yes,here
BD8 7DN,yes,here
BD8 7DP,yes,here
BD8 7DQ,yes,here
BD8 7DT,yes,here
BD8 7DU,yes,here
BD8 7DW,yes,here
BD8 7DX,yes,here
BD8 7DY,yes,here
BD8 7DZ,yes,here
BD8 7EA,yes,here
BD8 7EG,yes,here
BD8 7EP,yes,here
BD8 7ER,yes,here
BD8 7ET,yes,here
BD8 7EX,yes,here
BD8 7EY,yes,here
BD8 7HB,yes,here
BD8 7HH,yes,here
BD8 7HP,yes,here
BD8 7HU,yes,here
BD8 7HX,yes,here
BD8 7HY,yes,here
BD8 7HZ,yes,here
BD8 7JA,yes,here
BD8 7JF,yes,here
BD8 7JH,yes,here
BD8 7JJ,yes,here
BD8 7JN,yes,here
BD8 7JR,yes,here
BD8 7JS,yes,here
BD8 7JT,yes,here
BD8 7LA,yes,here
BD8 7LD,yes,here
BD8 7LE,yes,here
BD8 7LH,yes,here
BD8 7LL,yes,here
BD8 7LN,yes,here
BD8 7LP,yes,here
BD8 7LR,yes,here
BD8 7LS,yes,here
BD8 7LU,yes,here
BD8 7LX,yes,here
BD8 7LY,yes,here
BD8 7NA,yes,here
BD8 7ND,yes,here
BD8 7NE,yes,here
BD8 7NG,yes,here
BD8 7NH,yes,here
BD8 7NL,yes,here
BD8 7NN,yes,here
BD8 7NP,yes,here
BD8 7NS,yes,here
BD8 7NW,yes,here
BD8 7PA,yes,here
BD8 7PD,yes,here
BD8 7PF,yes,here
BD8 7PH,yes,here
BD8 7PL,yes,here
BD8 7PP,yes,here
BD8 7PQ,yes,here
BD8 7PS,yes,here
BD8 7PT,yes,here
BD8 7PU,yes,here
BD8 7PY,yes,here
BD8 7QA,yes,here
BD8 7QB,yes,here
BD8 7QD,yes,here
BD8 7QH,yes,here
BD8 7QN,yes,here
BD8 7QP,yes,here
BD8 7QR,yes,here
BD8 7QS,yes,here
BD8 7QT,yes,here
BD8 7QU,yes,here
BD8 7QW,yes,here
BD8 7QZ,yes,here
BD8 7RB,yes,here
BD8 7RE,yes,here
BD8 7RF,yes,here
BD8 7RH,yes,here
BD8 7RQ,yes,here
BD8 7RS,yes,here
BD8 7RT,yes,here
BD8 7RU,yes,here
BD8 7RZ,yes,here
BD8 7SA,yes,here
BD8 7SB,yes,here
BD8 7SE,yes,here
BD8 7SF,yes,here
BD8 7SG,yes,here
BD8 7SL,yes,here
BD8 7SN,yes,here
BD8 7SP,yes,here
BD8 7SW,yes,here
BD8 7SY,yes,here
BD8 7SZ,yes,here
BD8 8AA,yes,here
BD8 8AB,yes,here
BD8 8AD,yes,here
BD8 8AE,yes,here
BD8 8AF,yes,here
BD8 8AG,yes,here
BD8 8AH,yes,here
BD8 8AJ,yes,here
BD8 8AL,yes,here
BD8 8AN,yes,here
BD8 8AP,yes,here
BD8 8AQ,yes,here
BD8 8AS,yes,here
BD8 8AT,yes,here
BD8 8AU,yes,here
BD8 8AW,yes,here
BD8 8AX,yes,here
BD8 8AY,yes,here
BD8 8AZ,yes,here
BD8 8BB,yes,here
BD8 8BD,yes,here
BD8 8BE,yes,here
BD8 8BG,yes,here
BD8 8BH,yes,here
BD8 8BN,yes,here
BD8 8BQ,yes,here
BD8 8BS,yes,here
BD8 8BW,yes,here
BD8 8BX,yes,here
BD8 8BY,yes,here
BD8 8BZ,yes,here
BD8 8DA,yes,here
BD8 8DB,yes,here
BD8 8DD,yes,here
BD8 8DG,yes,here
BD8 8DJ,yes,here
BD8 8DL,yes,here
BD8 8DN,yes,here
BD8 8DP,yes,here
BD8 8DQ,yes,here
BD8 8DR,yes,here
BD8 8DS,yes,here
BD8 8DT,yes,here
BD8 8DU,yes,here
BD8 8EA,yes,here
BD8 8EF,yes,here
BD8 8EH,yes,here
BD8 8EJ,yes,here
BD8 8EN,yes,here
BD8 8EP,yes,here
BD8 8EQ,yes,here
BD8 8ER,yes,here
BD8 8ES,yes,here
BD8 8ET,yes,here
BD8 8EX,yes,here
BD8 8EY,yes,here
BD8 8HD,yes,here
BD8 8HE,yes,here
BD8 8HF,yes,here
BD8 8HG,yes,here
BD8 8HH,yes,here
BD8 8HJ,yes,here
BD8 8HL,yes,here
BD8 8HQ,yes,here
BD8 8HT,yes,here
BD8 8HU,yes,here
BD8 8HX,yes,here
BD8 8HY,yes,here
BD8 8HZ,yes,here
BD8 8JA,yes,here
BD8 8JB,yes,here
BD8 8JD,yes,here
BD8 8JF,yes,here
BD8 8JL,yes,here
BD8 8JP,yes,here
BD8 8JR,yes,here
BD8 8JS,yes,here
BD8 8JT,yes,here
BD8 8JU,yes,here
BD8 8JW,yes,here
BD8 8JY,yes,here
BD8 8JZ,yes,here
BD8 8LD,yes,here
BD8 8LE,yes,here
BD8 8LG,yes,here
BD8 8LQ,yes,here
BD8 8LX,yes,here
BD8 8NA,yes,here
BD8 8ND,yes,here
BD8 8NE,yes,here
BD8 8NF,yes,here
BD8 8NG,yes,here
BD8 8NH,yes,here
BD8 8NJ,yes,here
BD8 8NL,yes,here
BD8 8NN,yes,here
BD8 8NP,yes,here
BD8 8NQ,yes,here
BD8 8NR,yes,here
BD8 8NS,yes,here
BD8 8NT,yes,here
BD8 8NU,yes,here
BD8 8NW,yes,here
BD8 8NX,yes,here
BD8 8PA,yes,here
BD8 8PD,yes,here
BD8 8PE,yes,here
BD8 8PF,yes,here
BD8 8PG,yes,here
BD8 8PH,yes,here
BD8 8PJ,yes,here
BD8 8PL,yes,here
BD8 8PN,yes,here
BD8 8PP,yes,here
BD8 8PR,yes,here
BD8 8PS,yes,here
BD8 8PT,yes,here
BD8 8PU,yes,here
BD8 8PW,yes,here
BD8 8QA,yes,here
BD8 8QB,yes,here
BD8 8QD,yes,here
BD8 8QE,yes,here
BD8 8QH,yes,here
BD8 8QJ,yes,here
BD8 8QL,yes,here
BD8 8QN,yes,here
BD8 8QP,yes,here
BD8 8QQ,yes,here
BD8 8QR,yes,here
BD8 8QS,yes,here
BD8 8QT,yes,here
BD8 8QU,yes,here
BD8 8QW,yes,here
BD8 8QX,yes,here
BD8 8QY,yes,here
BD8 8RA,yes,here
BD8 8RB,yes,here
BD8 8RD,yes,here
BD8 8RE,yes,here
BD8 8RG,yes,here
BD8 8RJ,yes,here
BD8 8RL,yes,here
BD8 8RX,yes,here
BD8 8RY,yes,here
BD8 8RZ,yes,here
BD8 9AA,yes,here
BD8 9AB,yes,here
BD8 9AD,yes,here
BD8 9AE,yes,here
BD8 9AF,yes,here
BD8 9AH,yes,here
BD8 9AJ,yes,here
BD8 9AL,yes,here
BD8 9AN,yes,here
BD8 9AP,yes,here
BD8 9AR,yes,here
BD8 9AS,yes,here
BD8 9BN,yes,here
BD8 9BR,yes,here
BD8 9BS,yes,here
BD8 9BU,yes,here
BD8 9DA,yes,here
BD8 9DD,yes,here
BD8 9DE,yes,here
BD8 9DF,yes,here
BD8 9DJ,yes,here
BD8 9DL,yes,here
BD8 9DP,yes,here
BD8 9DR,yes,here
BD8 9DS,yes,here
BD8 9DT,yes,here
BD8 9DU,yes,here
BD8 9DW,yes,here
BD8 9DX,yes,here
BD8 9DY,yes,here
BD8 9DZ,yes,here
BD8 9EA,yes,here
BD8 9EB,yes,here
BD8 9ED,yes,here
BD8 9EE,yes,here
BD8 9EF,yes,here
BD8 9EG,yes,here
BD8 9EH,yes,here
BD8 9EL,yes,here
BD8 9EN,yes,here
BD8 9EP,yes,here
BD8 9ER,yes,here
BD8 9ES,yes,here
BD8 9ET,yes,here
BD8 9EU,yes,here
BD8 9EW,yes,here
BD8 9EX,yes,here
BD8 9EY,yes,here
BD8 9EZ,yes,here
BD8 9HA,yes,here
BD8 9HB,yes,here
BD8 9HD,yes,here
BD8 9HE,yes,here
BD8 9HL,yes,here
BD8 9HP,yes,here
BD8 9HQ,yes,here
BD8 9HR,yes,here
BD8 9HS,yes,here
BD8 9HT,yes,here
BD8 9HU,yes,here
BD8 9HX,yes,here
BD8 9HY,yes,here
BD8 9HZ,yes,here
BD8 9JB,yes,here
BD8 9JE,yes,here
BD8 9JF,yes,here
BD8 9JG,yes,here
BD8 9JH,yes,here
BD8 9JJ,yes,here
BD8 9JL,yes,here
BD8 9JN,yes,here
BD8 9JP,yes,here
BD8 9JQ,yes,here
BD8 9JR,yes,here
BD8 9JS,yes,here
BD8 9JT,yes,here
BD8 9JU,yes,here
BD8 9JW,yes,here
BD8 9JX,yes,here
BD8 9LB,yes,here
BD8 9LH,yes,here
BD8 9LJ,yes,here
BD8 9LL,yes,here
BD8 9LN,yes,here
BD8 9LP,yes,here
BD8 9LR,yes,here
BD8 9LS,yes,here
BD8 9LT,yes,here
BD8 9LX,yes,here
BD8 9LY,yes,here
BD8 9LZ,yes,here
BD8 9NA,yes,here
BD8 9NB,yes,here
BD8 9NF,yes,here
BD8 9NG,yes,here
BD8 9NH,yes,here
BD8 9NJ,yes,here
BD8 9NL,yes,here
BD8 9NN,yes,here
BD8 9NQ,yes,here
BD8 9NR,yes,here
BD8 9NS,yes,here
BD8 9NT,yes,here
BD8 9NU,yes,here
BD8 9NW,yes,here
BD8 9NX,yes,here
BD8 9NY,yes,here
BD8 9PA,yes,here
BD8 9PB,yes,here
BD8 9PD,yes,here
BD8 9PE,yes,here
BD8 9PF,yes,here
BD8 9PG,yes,here
BD8 9PJ,yes,here
BD8 9PL,yes,here
BD8 9PN,yes,here
BD8 9PP,yes,here
BD8 9PQ,yes,here
BD8 9PR,yes,here
BD8 9PS,yes,here
BD8 9PT,yes,here
BD8 9PU,yes,here
BD8 9PW,yes,here
BD8 9PX,yes,here
BD8 9PY,yes,here
BD8 9PZ,yes,here
BD8 9QA,yes,here
BD8 9QB,yes,here
BD8 9QD,yes,here
BD8 9QE,yes,here
BD8 9QF,yes,here
BD8 9QG,yes,here
BD8 9QH,yes,here
BD8 9QJ,yes,here
BD8 9QL,yes,here
BD8 9QN,yes,here
BD8 9QP,yes,here
BD8 9QQ,yes,here
BD8 9QR,yes,here
BD8 9QS,yes,here
BD8 9QT,yes,here
BD8 9QW,yes,here
BD8 9RA,yes,here
BD8 9RB,yes,here
BD8 9RE,yes,here
BD8 9RG,yes,here
BD8 9RL,yes,here
BD8 9RR,yes,here
BD8 9RU,yes,here
BD8 9RY,yes,here
BD8 9RZ,yes,here
BD8 9SA,yes,here
BD8 9SD,yes,here
BD8 9SE,yes,here
BD8 9SF,yes,here
BD8 9SG,yes,here
BD8 9SH,yes,here
BD8 9SJ,yes,here
BD8 9SL,yes,here
BD8 9SN,yes,here
BD8 9SP,yes,here
BD8 9SQ,yes,here
BD8 9SR,yes,here
BD8 9SS,yes,here
BD8 9ST,yes,here
BD8 9SU,yes,here
BD8 9SW,yes,here
BD8 9SY,yes,here
BD8 9TB,yes,here
BD8 9TF,yes,here
BD8 9TG,yes,here
BD8 9TP,yes,here
BD9 4AA,yes,here
BD9 4AB,yes,here
BD9 4AD,yes,here
BD9 4AE,yes,here
BD9 4AG,yes,here
BD9 4AH,yes,here
BD9 4AJ,yes,here
BD9 4AL,yes,here
BD9 4AN,yes,here
BD9 4AP,yes,here
BD9 4AQ,yes,here
BD9 4AR,yes,here
BD9 4AS,yes,here
BD9 4AT,yes,here
BD9 4AU,yes,here
BD9 4AX,yes,here
BD9 4AY,yes,here
BD9 4AZ,yes,here
BD9 4BA,yes,here
BD9 4BB,yes,here
BD9 4BD,yes,here
BD9 4BE,yes,here
BD9 4BG,yes,here
BD9 4BL,yes,here
BD9 4BN,yes,here
BD9 4BP,yes,here
BD9 4BQ,yes,here
BD9 4BS,yes,here
BD9 4BT,yes,here
BD9 4BU,yes,here
BD9 4BX,yes,here
BD9 4BY,yes,here
BD9 4DA,yes,here
BD9 4DB,yes,here
BD9 4DD,yes,here
BD9 4DE,yes,here
BD9 4DL,yes,here
BD9 4DN,yes,here
BD9 4DP,yes,here
BD9 4DQ,yes,here
BD9 4DR,yes,here
BD9 4DS,yes,here
BD9 4DT,yes,here
BD9 4DU,yes,here
BD9 4DW,yes,here
BD9 4DX,yes,here
BD9 4DY,yes,here
BD9 4DZ,yes,here
BD9 4EA,yes,here
BD9 4EB,yes,here
BD9 4ED,yes,here
BD9 4EE,yes,here
BD9 4EF,yes,here
BD9 4EH,yes,here
BD9 4EJ,yes,here
BD9 4EL,yes,here
BD9 4EN,yes,here
BD9 4EP,yes,here
BD9 4ER,yes,here
BD9 4ES,yes,here
BD9 4ET,yes,here
BD9 4EU,yes,here
BD9 4EW,yes,here
BD9 4EX,yes,here
BD9 4EY,yes,here
BD9 4EZ,yes,here
BD9 4HA,yes,here
BD9 4HD,yes,here
BD9 4HE,yes,here
BD9 4HF,yes,here
BD9 4HG,yes,here
BD9 4HH,yes,here
BD9 4HL,yes,here
BD9 4HN,yes,here
BD9 4HP,yes,here
BD9 4HS,yes,here
BD9 4HT,yes,here
BD9 4HW,yes,here
BD9 4HX,yes,here
BD9 4HY,yes,here
BD9 4HZ,yes,here
BD9 4JB,yes,here
BD9 4JD,yes,here
BD9 4JF,yes,here
BD9 4JH,yes,here
BD9 4JJ,yes,here
BD9 4JP,yes,here
BD9 4JR,yes,here
BD9 4JT,yes,here
BD9 4JU,yes,here
BD9 4JW,yes,here
BD9 4JX,yes,here
BD9 4JY,yes,here
BD9 4JZ,yes,here
BD9 4LA,yes,here
BD9 4LD,yes,here
BD9 4LE,yes,here
BD9 4LF,yes,here
BD9 4LG,yes,here
BD9 4LH,yes,here
BD9 4LJ,yes,here
BD9 4LL,yes,here
BD9 4LP,yes,here
BD9 4LQ,yes,here
BD9 4LR,yes,here
BD9 4LS,yes,here
BD9 4LT,yes,here
BD9 4LU,yes,here
BD9 4LW,yes,here
BD9 4LY,yes,here
BD9 4LZ,yes,here
BD9 4NA,yes,here
BD9 4NB,yes,here
BD9 4ND,yes,here
BD9 4NE,yes,here
BD9 4NG,yes,here
BD9 4NJ,yes,here
BD9 4NL,yes,here
BD9 4NN,yes,here
BD9 4NP,yes,here
BD9 4NR,yes,here
BD9 4NS,yes,here
BD9 4NT,yes,here
BD9 4NU,yes,here
BD9 4NX,yes,here
BD9 4PA,yes,here
BD9 4PB,yes,here
BD9 4PD,yes,here
BD9 4PE,yes,here
BD9 4PH,yes,here
BD9 4PJ,yes,here
BD9 4PL,yes,here
BD9 4PN,yes,here
BD9 4PP,yes,here
BD9 4PQ,yes,here
BD9 4PR,yes,here
BD9 4PS,yes,here
BD9 4PU,yes,here
BD9 4PW,yes,here
BD9 4PX,yes,here
BD9 4PY,yes,here
BD9 4QA,yes,here
BD9 4QB,yes,here
BD9 4QD,yes,here
BD9 4QE,yes,here
BD9 4QH,yes,here
BD9 4QJ,yes,here
BD9 4QL,yes,here
BD9 4QN,yes,here
BD9 4QP,yes,here
BD9 4QQ,yes,here
BD9 4QR,yes,here
BD9 4QS,yes,here
BD9 4QT,yes,here
BD9 4QU,yes,here
BD9 4QW,yes,here
BD9 4QX,yes,here
BD9 4QY,yes,here
BD9 4QZ,yes,here
BD9 4RA,yes,here
BD9 4RB,yes,here
BD9 4RD,yes,here
BD9 4RE,yes,here
BD9 4RH,yes,here
BD9 4RJ,yes,here
BD9 4RP,yes,here
BD9 4RQ,yes,here
BD9 4RR,yes,here
BD9 4RS,yes,here
BD9 4RT,yes,here
BD9 4RU,yes,here
BD9 4RX,yes,here
BD9 4RY,yes,here
BD9 4RZ,yes,here
BD9 4SA,yes,here
BD9 4SB,yes,here
BD9 4SH,yes,here
BD9 4SN,yes,here
BD9 4SP,yes,here
BD9 4SQ,yes,here
BD9 4SR,yes,here
BD9 4SS,yes,here
BD9 4ST,yes,here
BD9 4SU,yes,here
BD9 4SW,yes,here
BD9 5AB,yes,here
BD9 5AD,yes,here
BD9 5AE,yes,here
BD9 5AF,yes,here
BD9 5AG,yes,here
BD9 5AH,yes,here
BD9 5AJ,yes,here
BD9 5AL,yes,here
BD9 5AN,yes,here
BD9 5AP,yes,here
BD9 5AQ,yes,here
BD9 5AR,yes,here
BD9 5AS,yes,here
BD9 5AT,yes,here
BD9 5AU,yes,here
BD9 5AW,yes,here
BD9 5AX,yes,here
BD9 5AY,yes,here
BD9 5BA,yes,here
BD9 5BD,yes,here
BD9 5BE,yes,here
BD9 5BN,yes,here
BD9 5BP,yes,here
BD9 5BQ,yes,here
BD9 5BR,yes,here
BD9 5BS,yes,here
BD9 5BT,yes,here
BD9 5BU,yes,here
BD9 5DA,yes,here
BD9 5DB,yes,here
BD9 5DD,yes,here
BD9 5DE,yes,here
BD9 5DF,yes,here
BD9 5DG,yes,here
BD9 5DH,yes,here
BD9 5DJ,yes,here
BD9 5DL,yes,here
BD9 5DN,yes,here
BD9 5DP,yes,here
BD9 5DQ,yes,here
BD9 5DR,yes,here
BD9 5DS,yes,here
BD9 5DT,yes,here
BD9 5DU,yes,here
BD9 5DX,yes,here
BD9 5DY,yes,here
BD9 5EA,yes,here
BD9 5EB,yes,here
BD9 5ED,yes,here
BD9 5EE,yes,here
BD9 5EF,yes,here
BD9 5EG,yes,here
BD9 5EP,yes,here
BD9 5EQ,yes,here
BD9 5ER,yes,here
BD9 5ES,yes,here
BD9 5ET,yes,here
BD9 5EU,yes,here
BD9 5EX,yes,here
BD9 5EY,yes,here
BD9 5EZ,yes,here
BD9 5HA,yes,here
BD9 5HB,yes,here
BD9 5HD,yes,here
BD9 5HE,yes,here
BD9 5HH,yes,here
BD9 5HJ,yes,here
BD9 5HL,yes,here
BD9 5HN,yes,here
BD9 5HP,yes,here
BD9 5HQ,yes,here
BD9 5HR,yes,here
BD9 5HS,yes,here
BD9 5HT,yes,here
BD9 5HU,yes,here
BD9 5HX,yes,here
BD9 5HY,yes,here
BD9 5JA,yes,here
BD9 5JB,yes,here
BD9 5JD,yes,here
BD9 5JE,yes,here
BD9 5JH,yes,here
BD9 5JJ,yes,here
BD9 5JN,yes,here
BD9 5JP,yes,here
BD9 5JR,yes,here
BD9 5JS,yes,here
BD9 5JT,yes,here
BD9 5JU,yes,here
BD9 5JX,yes,here
BD9 5JY,yes,here
BD9 5JZ,yes,here
BD9 5LA,yes,here
BD9 5LB,yes,here
BD9 5LD,yes,here
BD9 5LE,yes,here
BD9 5LF,yes,here
BD9 5LG,yes,here
BD9 5LH,yes,here
BD9 5LJ,yes,here
BD9 5LL,yes,here
BD9 5LN,yes,here
BD9 5LP,yes,here
BD9 5LR,yes,here
BD9 5LS,yes,here
BD9 5LT,yes,here
BD9 5LU,yes,here
BD9 5LX,yes,here
BD9 5LY,yes,here
BD9 5NA,yes,here
BD9 5NB,yes,here
BD9 5ND,yes,here
BD9 5NE,yes,here
BD9 5NG,yes,here
BD9 5NH,yes,here
BD9 5NJ,yes,here
BD9 5NL,yes,here
BD9 5NN,yes,here
BD9 5NP,yes,here
BD9 5NR,yes,here
BD9 5NS,yes,here
BD9 5NT,yes,here
BD9 5NU,yes,here
BD9 5NW,yes,here
BD9 5NX,yes,here
BD9 5PA,yes,here
BD9 5PB,yes,here
BD9 5PD,yes,here
BD9 5PE,yes,here
BD9 5PG,yes,here
BD9 5PH,yes,here
BD9 5PJ,yes,here
BD9 5PL,yes,here
BD9 5PN,yes,here
BD9 5PP,yes,here
BD9 5PR,yes,here
BD9 5PS,yes,here
BD9 5PT,yes,here
BD9 5PU,yes,here
BD9 5PW,yes,here
BD9 5PX,yes,here
BD9 5PY,yes,here
BD9 5PZ,yes,here
BD9 5QA,yes,here
BD9 5QB,yes,here
BD9 5QD,yes,here
BD9 5QE,yes,here
BD9 5QH,yes,here
BD9 5QJ,yes,here
BD9 5QL,yes,here
BD9 5QN,yes,here
BD9 5QP,yes,here
BD9 5QQ,yes,here
BD9 5QR,yes,here
BD9 5QS,yes,here
BD9 5QT,yes,here
BD9 5QU,yes,here
BD9 5QW,yes,here
BD9 5QX,yes,here
BD9 5QY,yes,here
BD9 6AA,yes,here
BD9 6AB,yes,here
BD9 6AD,yes,here
BD9 6AE,yes,here
BD9 6AF,yes,here
BD9 6AG,yes,here
BD9 6AH,yes,here
BD9 6AJ,yes,here
BD9 6AL,yes,here
BD9 6AN,yes,here
BD9 6AP,yes,here
BD9 6AQ,yes,here
BD9 6AR,yes,here
BD9 6AS,yes,here
BD9 6AT,yes,here
BD9 6AU,yes,here
BD9 6AW,yes,here
BD9 6AX,yes,here
BD9 6AY,yes,here
BD9 6AZ,yes,here
BD9 6BA,yes,here
BD9 6BB,yes,here
BD9 6BD,yes,here
BD9 6BE,yes,here
BD9 6BG,yes,here
BD9 6BH,yes,here
BD9 6BJ,yes,here
BD9 6BL,yes,here
BD9 6BN,yes,here
BD9 6BP,yes,here
BD9 6BQ,yes,here
BD9 6BR,yes,here
BD9 6BS,yes,here
BD9 6BT,yes,here
BD9 6BU,yes,here
BD9 6BW,yes,here
BD9 6BX,yes,here
BD9 6DA,yes,here
BD9 6DB,yes,here
BD9 6DD,yes,here
BD9 6DE,yes,here
BD9 6DG,yes,here
BD9 6DH,yes,here
BD9 6DJ,yes,here
BD9 6DL,yes,here
BD9 6DN,yes,here
BD9 6DP,yes,here
BD9 6DQ,yes,here
BD9 6DR,yes,here
BD9 6DS,yes,here
BD9 6DT,yes,here
BD9 6DU,yes,here
BD9 6DW,yes,here
BD9 6DX,yes,here
BD9 6DY,yes,here
BD9 6DZ,yes,here
BD9 6EA,yes,here
BD9 6EB,yes,here
BD9 6ED,yes,here
BD9 6EE,yes,here
BD9 6EF,yes,here
BD9 6EG,yes,here
BD9 6EH,yes,here
BD9 6EJ,yes,here
BD9 6EL,yes,here
BD9 6EN,yes,here
BD9 6EP,yes,here
BD9 6EQ,yes,here
BD9 6ER,yes,here
BD9 6ES,yes,here
BD9 6ET,yes,here
BD9 6EU,yes,here
BD9 6EW,yes,here
BD9 6EX,yes,here
BD9 6EY,yes,here
BD9 6EZ,yes,here
BD9 6FA,yes,here
BD9 6FB,yes,here
BD9 6FD,yes,here
BD9 6FE,yes,here
BD9 6FF,yes,here
BD9 6FG,yes,here
BD9 6HA,yes,here
BD9 6HB,yes,here
BD9 6HG,yes,here
BD9 6HH,yes,here
BD9 6HJ,yes,here
BD9 6HL,yes,here
BD9 6HN,yes,here
BD9 6HP,yes,here
BD9 6HR,yes,here
BD9 6HS,yes,here
BD9 6HT,yes,here
BD9 6HU,yes,here
BD9 6HX,yes,here
BD9 6HY,yes,here
BD9 6HZ,yes,here
BD9 6JA,yes,here
BD9 6JB,yes,here
BD9 6JD,yes,here
BD9 6JE,yes,here
BD9 6JH,yes,here
BD9 6JJ,yes,here
BD9 6JL,yes,here
BD9 6JN,yes,here
BD9 6JP,yes,here
BD9 6JQ,yes,here
BD9 6JR,yes,here
BD9 6JS,yes,here
BD9 6JT,yes,here
BD9 6JU,yes,here
BD9 6JX,yes,here
BD9 6JY,yes,here
BD9 6LH,yes,here
BD9 6LJ,yes,here
BD9 6LL,yes,here
BD9 6LP,yes,here
BD9 6LQ,yes,here
BD9 6LR,yes,here
BD9 6LS,yes,here
BD9 6LT,yes,here
BD9 6LU,yes,here
BD9 6LW,yes,here
BD9 6LX,yes,here
BD9 6LY,yes,here
BD9 6NA,yes,here
BD9 6NB,yes,here
BD9 6NE,yes,here
BD9 6NH,yes,here
BD9 6NJ,yes,here
BD9 6NL,yes,here
BD9 6NN,yes,here
BD9 6NP,yes,here
BD9 6NQ,yes,here
BD9 6NR,yes,here
BD9 6NS,yes,here
BD9 6NT,yes,here
BD9 6NU,yes,here
BD9 6NW,yes,here
BD9 6NX,yes,here
BD9 6PA,yes,here
BD9 6PB,yes,here
BD9 6PD,yes,here
BD9 6PE,yes,here
BD9 6PF,yes,here
BD9 6PH,yes,here
BD9 6PL,yes,here
BD9 6PP,yes,here
BD9 6PQ,yes,here
BD9 6PR,yes,here
BD9 6PS,yes,here
BD9 6PT,yes,here
BD9 6PU,yes,here
BD9 6PX,yes,here
BD9 6PY,yes,here
BD9 6PZ,yes,here
BD9 6QA,yes,here
BD9 6QB,yes,here
BD9 6QD,yes,here
BD9 6QE,yes,here
BD9 6QF,yes,here
BD9 6QH,yes,here
BD9 6QJ,yes,here
BD9 6QL,yes,here
BD9 6QN,yes,here
BD9 6QP,yes,here
BD9 6QQ,yes,here
BD9 6QR,yes,here
BD9 6QS,yes,here
BD9 6RB,yes,here
BD9 6RD,yes,here
BD9 6RF,yes,here
BD9 6RJ,yes,here
BD9 6RN,yes,here
BD9 6RR,yes,here
BD9 6RS,yes,here
BD9 6RT,yes,here
BD9 6RU,yes,here
BD9 6RW,yes,here
BD9 6RY,yes,here
BD9 6SA,yes,here
BD9 6SB,yes,here
BD9 6SF,yes,here
BD9 6SG,yes,here
BD9 6SH,yes,here
BD9 6SJ,yes,here
BD9 6SL,yes,here
BD9 6SP,yes,here
BD9 6SQ,yes,here
BD9 6SR,yes,here
BD9 6TB,yes,here
BD97 1AD,yes,here
BD97 1AF,yes,here
BD97 1AG,yes,here
BD97 1AH,yes,here
BD98 1GA,yes,here
BD98 1GB,yes,here
BD98 1GD,yes,here
BD98 1GG,yes,here
BD98 1YA,yes,here
BD98 1YB,yes,here
BD98 1YD,yes,here
BD98 1YY,yes,here
BD98 5GA,yes,here
BD98 5GG,yes,here
BD98 5YA,yes,here
BD98 5YY,yes,here
BD98 8AA,yes,here
BD98 8AN,yes,here
BD98 8WZ,yes,here
BD98 8XX,yes,here
BD99 2XE,yes,here
BD99 2XG,yes,here
BD99 4WZ,yes,here
BD99 4XB,yes,here
BD99 4YX,yes,here
BD99 9XG,yes,here
BF1 0AB,yes,here
BF1 0AE,yes,here
BF1 0AF,yes,here
BF1 0AP,yes,here
BF1 0AR,yes,here
BF1 0AT,yes,here
BF1 0DL,yes,here
BF1 0DN,yes,here
BF1 0DQ,yes,here
BF1 1AA,yes,here
BF1 1AD,yes,here
BF1 1AE,yes,here
BF1 1AG,yes,here
BF1 1AH,yes,here
BF1 2AA,yes,here
BF1 2AB,yes,here
BF1 2AG,yes,here
BF1 2AH,yes,here
BF1 2AN,yes,here
BF1 2AQ,yes,here
BF1 2AR,yes,here
BF1 2AS,yes,here
BF1 2AT,yes,here
BF1 2AU,yes,here
BF1 2AW,yes,here
BF1 2AX,yes,here
BF1 2AY,yes,here
BF1 2BA,yes,here
BF1 2BE,yes,here
BF1 3AA,yes,here
BF1 3AD,yes,here
BF1 3AF,yes,here
BF1 3AG,yes,here
BF1 3AH,yes,here
BF1 3AJ,yes,here
BF1 3AQ,yes,here
BF1 3AS,yes,here
BF1 3AU,yes,here
BF1 3BD,yes,here
BF1 3BF,yes,here
BF1 5FZ,yes,here
BF1 6BD,yes,here
BF1 6DD,yes,here
BF1 6DF,yes,here
BF1 6DU,yes,here
BF1 6EX,yes,here
BF1 6EY,yes,here
BF1 7EN,yes,here
BH1 1AA,yes,here
BH1 1AF,yes,here
BH1 1AH,yes,here
BH1 1AJ,yes,here
BH1 1AL,yes,here
BH1 1AN,yes,here
BH1 1AQ,yes,here
BH1 1AR,yes,here
BH1 1AT,yes,here
BH1 1AU,yes,here
BH1 1AW,yes,here
BH1 1AX,yes,here
BH1 1AY,yes,here
BH1 1BA,yes,here
BH1 1BB,yes,here
BH1 1BH,yes,here
BH1 1BJ,yes,here
BH1 1BL,yes,here
BH1 1BP,yes,here
BH1 1BZ,yes,here
BH1 1DA,yes,here
BH1 1DF,yes,here
BH1 1DJ,yes,here
BH1 1DL,yes,here
BH1 1DP,yes,here
BH1 1DR,yes,here
BH1 1DS,yes,here
BH1 1DT,yes,here
BH1 1DU,yes,here
BH1 1DW,yes,here
BH1 1DY,yes,here
BH1 1ED,yes,here
BH1 1EH,yes,here
BH1 1EN,yes,here
BH1 1EP,yes,here
BH1 1ER,yes,here
BH1 1EW,yes,here
BH1 1EY,yes,here
BH1 1EZ,yes,here
BH1 1HF,yes,here
BH1 1HL,yes,here
BH1 1HP,yes,here
BH1 1HT,yes,here
BH1 1HU,yes,here
BH1 1HX,yes,here
BH1 1HY,yes,here
BH1 1HZ,yes,here
BH1 1JA,yes,here
BH1 1JB,yes,here
BH1 1JD,yes,here
BH1 1JE,yes,here
BH1 1JH,yes,here
BH1 1JJ,yes,here
BH1 1JL,yes,here
BH1 1JN,yes,here
BH1 1JP,yes,here
BH1 1JR,yes,here
BH1 1JU,yes,here
BH1 1JZ,yes,here
BH1 1LA,yes,here
BH1 1LG,yes,here
BH1 1LL,yes,here
BH1 1LN,yes,here
BH1 1LR,yes,here
BH1 1LU,yes,here
BH1 1LY,yes,here
BH1 1NE,yes,here
BH1 1NF,yes,here
BH1 1NL,yes,here
BH1 1NU,yes,here
BH1 1PD,yes,here
BH1 1PE,yes,here
BH1 1PF,yes,here
BH1 1PH,yes,here
BH1 1PJ,yes,here
BH1 1PP,yes,here
BH1 1PS,yes,here
BH1 1PW,yes,here
BH1 1QA,yes,here
BH1 1QB,yes,here
BH1 1QG,yes,here
BH1 1QJ,yes,here
BH1 1QL,yes,here
BH1 1QQ,yes,here
BH1 1QR,yes,here
BH1 1QS,yes,here
BH1 1QX,yes,here
BH1 1QY,yes,here
BH1 1QZ,yes,here
BH1 1RA,yes,here
BH1 1RB,yes,here
BH1 1RD,yes,here
BH1 1RE,yes,here
BH1 1RF,yes,here
BH1 1RG,yes,here
BH1 1RH,yes,here
BH1 1RJ,yes,here
BH1 1RL,yes,here
BH1 1RN,yes,here
BH1 1RP,yes,here
BH1 1RQ,yes,here
BH1 1RR,yes,here
BH1 1RS,yes,here
BH1 1RT,yes,here
BH1 1RU,yes,here
BH1 1RW,yes,here
BH1 1RX,yes,here
BH1 1RZ,yes,here
BH1 1SA,yes,here
BH1 1SB,yes,here
BH1 1SD,yes,here
BH1 1SJ,yes,here
BH1 1YL,yes,here
BH1 2AD,yes,here
BH1 2AF,yes,here
BH1 2AG,yes,here
BH1 2AH,yes,here
BH1 2AJ,yes,here
BH1 2AL,yes,here
BH1 2AP,yes,here
BH1 2AR,yes,here
BH1 2AT,yes,here
BH1 2BA,yes,here
BH1 2BN,yes,here
BH1 2BS,yes,here
BH1 2BU,yes,here
BH1 2BW,yes,here
BH1 2BY,yes,here
BH1 2BZ,yes,here
BH1 2DE,yes,here
BH1 2EE,yes,here
BH1 2EF,yes,here
BH1 2EN,yes,here
BH1 2EP,yes,here
BH1 2ES,yes,here
BH1 2ET,yes,here
BH1 2EW,yes,here
BH1 2EZ,yes,here
BH1 2HH,yes,here
BH1 2HL,yes,here
BH1 2HP,yes,here
BH1 2HR,yes,here
BH1 2HS,yes,here
BH1 2HT,yes,here
BH1 2HU,yes,here
BH1 2HW,yes,here
BH1 2HZ,yes,here
BH1 2JA,yes,here
BH1 2JE,yes,here
BH1 2JG,yes,here
BH1 2JJ,yes,here
BH1 2JL,yes,here
BH1 2JN,yes,here
BH1 2JU,yes,here
BH1 2JZ,yes,here
BH1 2LA,yes,here
BH1 2LB,yes,here
BH1 2LD,yes,here
BH1 2LE,yes,here
BH1 2LF,yes,here
BH1 2LG,yes,here
BH1 2LH,yes,here
BH1 2LN,yes,here
BH1 2LQ,yes,here
BH1 2LS,yes,here
BH1 2LT,yes,here
BH1 2LU,yes,here
BH1 2LW,yes,here
BH1 2LX,yes,here
BH1 2LY,yes,here
BH1 2LZ,yes,here
BH1 2NA,yes,here
BH1 2NF,yes,here
BH1 2NG,yes,here
BH1 2NJ,yes,here
BH1 2NL,yes,here
BH1 2NN,yes,here
BH1 2NP,yes,here
BH1 2NR,yes,here
BH1 2NS,yes,here
BH1 2NT,yes,here
BH1 2NU,yes,here
BH1 2NW,yes,here
BH1 2PE,yes,here
BH1 2PF,yes,here
BH1 2PG,yes,here
BH1 2PH,yes,here
BH1 2PJ,yes,here
BH1 2PL,yes,here
BH1 2PN,yes,here
BH1 2PP,yes,here
BH1 2PQ,yes,here
BH1 2PR,yes,here
BH1 2PW,yes,here
BH1 2WB,yes,here
BH1 3AA,yes,here
BH1 3AB,yes,here
BH1 3AD,yes,here
BH1 3AE,yes,here
BH1 3AF,yes,here
BH1 3AG,yes,here
BH1 3AH,yes,here
BH1 3AJ,yes,here
BH1 3AL,yes,here
BH1 3AN,yes,here
BH1 3AP,yes,here
BH1 3AQ,yes,here
BH1 3AS,yes,here
BH1 3AT,yes,here
BH1 3AU,yes,here
BH1 3AW,yes,here
BH1 3AX,yes,here
BH1 3AY,yes,here
BH1 3AZ,yes,here
BH1 3BE,yes,here
BH1 3BG,yes,here
BH1 3BH,yes,here
BH1 3BJ,yes,here
BH1 3BL,yes,here
BH1 3BN,yes,here
BH1 3BP,yes,here
BH1 3BQ,yes,here
BH1 3BS,yes,here
BH1 3BT,yes,here
BH1 3BU,yes,here
BH1 3BW,yes,here
BH1 3BY,yes,here
BH1 3BZ,yes,here
BH1 3DA,yes,here
BH1 3DB,yes,here
BH1 3DD,yes,here
BH1 3DH,yes,here
BH1 3DL,yes,here
BH1 3DN,yes,here
BH1 3DP,yes,here
BH1 3DQ,yes,here
BH1 3DR,yes,here
BH1 3DS,yes,here
BH1 3DT,yes,here
BH1 3DU,yes,here
BH1 3DW,yes,here
BH1 3DX,yes,here
BH1 3DY,yes,here
BH1 3DZ,yes,here
BH1 3EA,yes,here
BH1 3EB,yes,here
BH1 3ED,yes,here
BH1 3EE,yes,here
BH1 3EF,yes,here
BH1 3EG,yes,here
BH1 3EH,yes,here
BH1 3EJ,yes,here
BH1 3EL,yes,here
BH1 3EN,yes,here
BH1 3EP,yes,here
BH1 3EQ,yes,here
BH1 3ER,yes,here
BH1 3ES,yes,here
BH1 3ET,yes,here
BH1 3EU,yes,here
BH1 3EW,yes,here
BH1 3EX,yes,here
BH1 3EY,yes,here
BH1 3EZ,yes,here
BH1 3FD,yes,here
BH1 3FE,yes,here
BH1 3FF,yes,here
BH1 3FG,yes,here
BH1 3HA,yes,here
BH1 3HE,yes,here
BH1 3HF,yes,here
BH1 3HG,yes,here
BH1 3HL,yes,here
BH1 3HN,yes,here
BH1 3HP,yes,here
BH1 3HQ,yes,here
BH1 3HR,yes,here
BH1 3HS,yes,here
BH1 3HT,yes,here
BH1 3HU,yes,here
BH1 3HX,yes,here
BH1 3HZ,yes,here
BH1 3JA,yes,here
BH1 3JB,yes,here
BH1 3JD,yes,here
BH1 3JE,yes,here
BH1 3JF,yes,here
BH1 3JG,yes,here
BH1 3JJ,yes,here
BH1 3JP,yes,here
BH1 3JR,yes,here
BH1 3JS,yes,here
BH1 3JW,yes,here
BH1 3JY,yes,here
BH1 3LB,yes,here
BH1 3LF,yes,here
BH1 3LH,yes,here
BH1 3LT,yes,here
BH1 3NA,yes,here
BH1 3NE,yes,here
BH1 3NJ,yes,here
BH1 3NQ,yes,here
BH1 3NS,yes,here
BH1 3NT,yes,here
BH1 3NU,yes,here
BH1 3NX,yes,here
BH1 3NY,yes,here
BH1 3PA,yes,here
BH1 3PD,yes,here
BH1 3PE,yes,here
BH1 3PF,yes,here
BH1 3PG,yes,here
BH1 3PH,yes,here
BH1 3PJ,yes,here
BH1 3PP,yes,here
BH1 3PQ,yes,here
BH1 3PR,yes,here
BH1 3PS,yes,here
BH1 3PT,yes,here
BH1 3PU,yes,here
BH1 3PX,yes,here
BH1 3PY,yes,here
BH1 3PZ,yes,here
BH1 3QA,yes,here
BH1 3QB,yes,here
BH1 3QD,yes,here
BH1 3QE,yes,here
BH1 3QF,yes,here
BH1 3QG,yes,here
BH1 3QH,yes,here
BH1 3QJ,yes,here
BH1 3QL,yes,here
BH1 3QN,yes,here
BH1 3QP,yes,here
BH1 3QQ,yes,here
BH1 3QR,yes,here
BH1 3QS,yes,here
BH1 3QT,yes,here
BH1 3QW,yes,here
BH1 3QX,yes,here
BH1 3QY,yes,here
BH1 3QZ,yes,here
BH1 3RB,yes,here
BH1 3RG,yes,here
BH1 3RH,yes,here
BH1 3RJ,yes,here
BH1 3RQ,yes,here
BH1 3RY,yes,here
BH1 3RZ,yes,here
BH1 3SA,yes,here
BH1 3SB,yes,here
BH1 3SE,yes,here
BH1 3SH,yes,here
BH1 3SJ,yes,here
BH1 3SP,yes,here
BH1 3SR,yes,here
BH1 3SS,yes,here
BH1 3ST,yes,here
BH1 3SU,yes,here
BH1 3SW,yes,here
BH1 3SX,yes,here
BH1 3SY,yes,here
BH1 3SZ,yes,here
BH1 3TA,yes,here
BH1 3TB,yes,here
BH1 3TD,yes,here
BH1 3TE,yes,here
BH1 3TF,yes,here
BH1 3TG,yes,here
BH1 3UA,yes,here
BH1 3UB,yes,here
BH1 4AA,yes,here
BH1 4AB,yes,here
BH1 4AD,yes,here
BH1 4AE,yes,here
BH1 4AG,yes,here
BH1 4AH,yes,here
BH1 4AJ,yes,here
BH1 4AL,yes,here
BH1 4AN,yes,here
BH1 4AP,yes,here
BH1 4AQ,yes,here
BH1 4AS,yes,here
BH1 4AU,yes,here
BH1 4AX,yes,here
BH1 4AY,yes,here
BH1 4AZ,yes,here
BH1 4BA,yes,here
BH1 4BD,yes,here
BH1 4BE,yes,here
BH1 4BH,yes,here
BH1 4BP,yes,here
BH1 4BQ,yes,here
BH1 4BT,yes,here
BH1 4BU,yes,here
BH1 4BZ,yes,here
BH1 4DA,yes,here
BH1 4DB,yes,here
BH1 4DD,yes,here
BH1 4DE,yes,here
BH1 4DF,yes,here
BH1 4DG,yes,here
BH1 4DH,yes,here
BH1 4DJ,yes,here
BH1 4DL,yes,here
BH1 4DN,yes,here
BH1 4DP,yes,here
BH1 4DQ,yes,here
BH1 4DR,yes,here
BH1 4DS,yes,here
BH1 4DT,yes,here
BH1 4DU,yes,here
BH1 4DW,yes,here
BH1 4DX,yes,here
BH1 4DY,yes,here
BH1 4DZ,yes,here
BH1 4EA,yes,here
BH1 4ED,yes,here
BH1 4EF,yes,here
BH1 4EG,yes,here
BH1 4EH,yes,here
BH1 4EJ,yes,here
BH1 4EL,yes,here
BH1 4EN,yes,here
BH1 4EP,yes,here
BH1 4EQ,yes,here
BH1 4ER,yes,here
BH1 4ES,yes,here
BH1 4ET,yes,here
BH1 4EU,yes,here
BH1 4EW,yes,here
BH1 4EX,yes,here
BH1 4EY,yes,here
BH1 4EZ,yes,here
BH1 4FA,yes,here
BH1 4FB,yes,here
BH1 4FD,yes,here
BH1 4FE,yes,here
BH1 4FF,yes,here
BH1 4FG,yes,here
BH1 4FH,yes,here
BH1 4FJ,yes,here
BH1 4FL,yes,here
BH1 4FN,yes,here
BH1 4GA,yes,here
BH1 4GZ,yes,here
BH1 4HA,yes,here
BH1 4HB,yes,here
BH1 4HD,yes,here
BH1 4HE,yes,here
BH1 4HF,yes,here
BH1 4HG,yes,here
BH1 4HH,yes,here
BH1 4HL,yes,here
BH1 4HN,yes,here
BH1 4HP,yes,here
BH1 4HQ,yes,here
BH1 4HR,yes,here
BH1 4HS,yes,here
BH1 4HT,yes,here
BH1 4HU,yes,here
BH1 4HW,yes,here
BH1 4HX,yes,here
BH1 4HY,yes,here
BH1 4HZ,yes,here
BH1 4JE,yes,here
BH1 4JF,yes,here
BH1 4JH,yes,here
BH1 4JL,yes,here
BH1 4JP,yes,here
BH1 4JQ,yes,here
BH1 4JR,yes,here
BH1 4JT,yes,here
BH1 4JW,yes,here
BH1 4LA,yes,here
BH1 4LB,yes,here
BH1 4LD,yes,here
BH1 4LE,yes,here
BH1 4LG,yes,here
BH1 4LH,yes,here
BH1 4LJ,yes,here
BH1 4LL,yes,here
BH1 4LQ,yes,here
BH1 4LT,yes,here
BH1 4NB,yes,here
BH1 4NF,yes,here
BH1 4NG,yes,here
BH1 4NJ,yes,here
BH1 4NL,yes,here
BH1 4NN,yes,here
BH1 4NP,yes,here
BH1 4NQ,yes,here
BH1 4NR,yes,here
BH1 4NS,yes,here
BH1 4NT,yes,here
BH1 4NU,yes,here
BH1 4NW,yes,here
BH1 4NX,yes,here
BH1 4NY,yes,here
BH1 4PA,yes,here
BH1 4PB,yes,here
BH1 4PD,yes,here
BH1 4PE,yes,here
BH1 4PG,yes,here
BH1 4PH,yes,here
BH1 4PJ,yes,here
BH1 4PN,yes,here
BH1 4PP,yes,here
BH1 4PQ,yes,here
BH1 4PR,yes,here
BH1 4PS,yes,here
BH1 4PT,yes,here
BH1 4PU,yes,here
BH1 4PW,yes,here
BH1 4PX,yes,here
BH1 4PZ,yes,here
BH1 4QB,yes,here
BH1 4QD,yes,here
BH1 4QF,yes,here
BH1 4QJ,yes,here
BH1 4QN,yes,here
BH1 4QP,yes,here
BH1 4QQ,yes,here
BH1 4QR,yes,here
BH1 4QS,yes,here
BH1 4QT,yes,here
BH1 4QU,yes,here
BH1 4QW,yes,here
BH1 4QX,yes,here
BH1 4QZ,yes,here
BH1 4RA,yes,here
BH1 4RD,yes,here
BH1 4RE,yes,here
BH1 4RF,yes,here
BH1 4RJ,yes,here
BH1 4RN,yes,here
BH1 4RP,yes,here
BH1 4RQ,yes,here
BH1 4RR,yes,here
BH1 4RS,yes,here
BH1 4RT,yes,here
BH1 4RU,yes,here
BH1 4RW,yes,here
BH1 4RY,yes,here
BH1 4SA,yes,here
BH1 4SB,yes,here
BH1 4SD,yes,here
BH1 4SE,yes,here
BH1 4SF,yes,here
BH1 4SG,yes,here
BH1 4SH,yes,here
BH1 4SJ,yes,here
BH1 4SL,yes,here
BH1 4SQ,yes,here
BH1 4SS,yes,here
BH1 4SX,yes,here
BH1 4WB,yes,here
BH1 4ZL,yes,here
BH1 9AB,yes,here
BH1 9AL,yes,here
BH1 9AS,yes,here
BH1 9AY,yes,here
BH1 9BD,yes,here
BH1 9BF,yes,here
BH1 9BS,yes,here
BH1 9BZ,yes,here
BH1 9DA,yes,here
BH1 9DB,yes,here
BH1 9DL,yes,here
BH1 9DX,yes,here
BH1 9DZ,yes,here
BH1 9EH,yes,here
BH1 9EX,yes,here
BH1 9EZ,yes,here
BH1 9FT,yes,here
BH1 9FU,yes,here
BH1 9GA,yes,here
BH1 9GF,yes,here
BH1 9HD,yes,here
BH1 9HG,yes,here
BH1 9HH,yes,here
BH1 9HJ,yes,here
BH1 9HT,yes,here
BH1 9HU,yes,here
BH1 9HW,yes,here
BH1 9HX,yes,here
BH1 9JP,yes,here
BH1 9JR,yes,here
BH1 9JS,yes,here
BH1 9JU,yes,here
BH1 9JW,yes,here
BH1 9JX,yes,here
BH1 9LA,yes,here
BH1 9LS,yes,here
BH1 9LX,yes,here
BH1 9NB,yes,here
BH1 9NE,yes,here
BH1 9NH,yes,here
BH1 9NN,yes,here
BH1 9NP,yes,here
BH1 9PT,yes,here
BH1 9RQ,yes,here
BH1 9SB,yes,here
BH1 9SN,yes,here
BH1 9TU,yes,here
BH1 9UF,yes,here
BH1 9WD,yes,here
BH1 9XB,yes,here
BH1 9XD,yes,here
BH1 9XE,yes,here
BH1 9YA,yes,here
BH1 9YB,yes,here
BH1 9YQ,yes,here
BH1 9YU,yes,here
BH1 9ZA,yes,here
BH1 9ZB,yes,here
BH1 9ZD,yes,here
BH1 9ZF,yes,here
BH1 9ZY,yes,here
BH1 9ZZ,yes,here
BH10 4AA,yes,here
BH10 4AB,yes,here
BH10 4AD,yes,here
BH10 4AE,yes,here
BH10 4AF,yes,here
BH10 4AG,yes,here
BH10 4AH,yes,here
BH10 4AJ,yes,here
BH10 4AL,yes,here
BH10 4AN,yes,here
BH10 4AP,yes,here
BH10 4AQ,yes,here
BH10 4AR,yes,here
BH10 4AS,yes,here
BH10 4AT,yes,here
BH10 4AU,yes,here
BH10 4AW,yes,here
BH10 4AX,yes,here
BH10 4AY,yes,here
BH10 4AZ,yes,here
BH10 4BA,yes,here
BH10 4BB,yes,here
BH10 4BD,yes,here
BH10 4BE,yes,here
BH10 4BF,yes,here
BH10 4BG,yes,here
BH10 4BH,yes,here
BH10 4BJ,yes,here
BH10 4BL,yes,here
BH10 4BN,yes,here
BH10 4BP,yes,here
BH10 4BQ,yes,here
BH10 4BS,yes,here
BH10 4BT,yes,here
BH10 4BU,yes,here
BH10 4BW,yes,here
BH10 4BX,yes,here
BH10 4BY,yes,here
BH10 4BZ,yes,here
BH10 4DA,yes,here
BH10 4DB,yes,here
BH10 4DD,yes,here
BH10 4DE,yes,here
BH10 4DF,yes,here
BH10 4DG,yes,here
BH10 4DH,yes,here
BH10 4DJ,yes,here
BH10 4DL,yes,here
BH10 4DN,yes,here
BH10 4DP,yes,here
BH10 4DQ,yes,here
BH10 4DR,yes,here
BH10 4DS,yes,here
BH10 4DT,yes,here
BH10 4DU,yes,here
BH10 4DW,yes,here
BH10 4DX,yes,here
BH10 4DY,yes,here
BH10 4DZ,yes,here
BH10 4EA,yes,here
BH10 4EB,yes,here
BH10 4ED,yes,here
BH10 4EE,yes,here
BH10 4EF,yes,here
BH10 4EG,yes,here
BH10 4EH,yes,here
BH10 4EJ,yes,here
BH10 4EL,yes,here
BH10 4EN,yes,here
BH10 4EP,yes,here
BH10 4EQ,yes,here
BH10 4ER,yes,here
BH10 4ES,yes,here
BH10 4ET,yes,here
BH10 4EU,yes,here
BH10 4EW,yes,here
BH10 4EX,yes,here
BH10 4EY,yes,here
BH10 4EZ,yes,here
BH10 4FB,yes,here
BH10 4FD,yes,here
BH10 4FE,yes,here
BH10 4FF,yes,here
BH10 4FG,yes,here
BH10 4FH,yes,here
BH10 4FJ,yes,here
BH10 4FL,yes,here
BH10 4FN,yes,here
BH10 4FP,yes,here
BH10 4FQ,yes,here
BH10 4FR,yes,here
BH10 4FS,yes,here
BH10 4FT,yes,here
BH10 4GB,yes,here
BH10 4GE,yes,here
BH10 4HA,yes,here
BH10 4HB,yes,here
BH10 4HD,yes,here
BH10 4HE,yes,here
BH10 4HF,yes,here
BH10 4HG,yes,here
BH10 4HH,yes,here
BH10 4HJ,yes,here
BH10 4HL,yes,here
BH10 4HN,yes,here
BH10 4HP,yes,here
BH10 4HQ,yes,here
BH10 4HR,yes,here
BH10 4HS,yes,here
BH10 4HT,yes,here
BH10 4HW,yes,here
BH10 4HX,yes,here
BH10 4HY,yes,here
BH10 4HZ,yes,here
BH10 4JA,yes,here
BH10 4JB,yes,here
BH10 4JD,yes,here
BH10 4JE,yes,here
BH10 4JH,yes,here
BH10 5AA,yes,here
BH10 5AB,yes,here
BH10 5AD,yes,here
BH10 5AE,yes,here
BH10 5AF,yes,here
BH10 5AG,yes,here
BH10 5AH,yes,here
BH10 5AJ,yes,here
BH10 5AL,yes,here
BH10 5AN,yes,here
BH10 5AP,yes,here
BH10 5AQ,yes,here
BH10 5AR,yes,here
BH10 5AS,yes,here
BH10 5AT,yes,here
BH10 5AU,yes,here
BH10 5AW,yes,here
BH10 5AX,yes,here
BH10 5AY,yes,here
BH10 5BA,yes,here
BH10 5BB,yes,here
BH10 5BD,yes,here
BH10 5BE,yes,here
BH10 5BG,yes,here
BH10 5BH,yes,here
BH10 5BJ,yes,here
BH10 5BL,yes,here
BH10 5BN,yes,here
BH10 5BP,yes,here
BH10 5BQ,yes,here
BH10 5BS,yes,here
BH10 5BT,yes,here
BH10 5BU,yes,here
BH10 5BW,yes,here
BH10 5BX,yes,here
BH10 5BY,yes,here
BH10 5BZ,yes,here
BH10 5DA,yes,here
BH10 5DB,yes,here
BH10 5DD,yes,here
BH10 5DE,yes,here
BH10 5DF,yes,here
BH10 5DG,yes,here
BH10 5DH,yes,here
BH10 5DJ,yes,here
BH10 5DL,yes,here
BH10 5DN,yes,here
BH10 5DP,yes,here
BH10 5DQ,yes,here
BH10 5DR,yes,here
BH10 5DS,yes,here
BH10 5DT,yes,here
BH10 5DU,yes,here
BH10 5DW,yes,here
BH10 5DX,yes,here
BH10 5DY,yes,here
BH10 5DZ,yes,here
BH10 5EA,yes,here
BH10 5EB,yes,here
BH10 5ED,yes,here
BH10 5EE,yes,here
BH10 5EF,yes,here
BH10 5EG,yes,here
BH10 5EH,yes,here
BH10 5EL,yes,here
BH10 5EN,yes,here
BH10 5EP,yes,here
BH10 5ER,yes,here
BH10 5ES,yes,here
BH10 5ET,yes,here
BH10 5EU,yes,here
BH10 5EW,yes,here
BH10 5EX,yes,here
BH10 5EY,yes,here
BH10 5EZ,yes,here
BH10 5FA,yes,here
BH10 5FD,yes,here
BH10 5FE,yes,here
BH10 5FG,yes,here
BH10 5FH,yes,here
BH10 5FJ,yes,here
BH10 5FL,yes,here
BH10 5HA,yes,here
BH10 5HB,yes,here
BH10 5HD,yes,here
BH10 5HE,yes,here
BH10 5HF,yes,here
BH10 5HG,yes,here
BH10 5HH,yes,here
BH10 5HJ,yes,here
BH10 5HL,yes,here
BH10 5HN,yes,here
BH10 5HP,yes,here
BH10 5HQ,yes,here
BH10 5HR,yes,here
BH10 5HS,yes,here
BH10 5HT,yes,here
BH10 5HU,yes,here
BH10 5HW,yes,here
BH10 5HX,yes,here
BH10 5HY,yes,here
BH10 5HZ,yes,here
BH10 5JA,yes,here
BH10 5JB,yes,here
BH10 5JD,yes,here
BH10 5JE,yes,here
BH10 5JF,yes,here
BH10 5JG,yes,here
BH10 5JH,yes,here
BH10 5JL,yes,here
BH10 5JP,yes,here
BH10 5JQ,yes,here
BH10 5JR,yes,here
BH10 5JS,yes,here
BH10 5JT,yes,here
BH10 5JU,yes,here
BH10 5JX,yes,here
BH10 5JY,yes,here
BH10 5JZ,yes,here
BH10 5LA,yes,here
BH10 5LB,yes,here
BH10 5LD,yes,here
BH10 5LE,yes,here
BH10 5LF,yes,here
BH10 5LG,yes,here
BH10 5LH,yes,here
BH10 5LJ,yes,here
BH10 5LL,yes,here
BH10 5LN,yes,here
BH10 5LP,yes,here
BH10 5LQ,yes,here
BH10 5LR,yes,here
BH10 5LS,yes,here
BH10 5LT,yes,here
BH10 5LU,yes,here
BH10 5LW,yes,here
BH10 5LY,yes,here
BH10 5NB,yes,here
BH10 5ND,yes,here
BH10 5NE,yes,here
BH10 5NF,yes,here
BH10 5NG,yes,here
BH10 5NH,yes,here
BH10 5NJ,yes,here
BH10 5NL,yes,here
BH10 5NN,yes,here
BH10 5NP,yes,here
BH10 5NQ,yes,here
BH10 5NR,yes,here
BH10 5NS,yes,here
BH10 5NT,yes,here
BH10 5NU,yes,here
BH10 5NW,yes,here
BH10 5NX,yes,here
BH10 5NY,yes,here
BH10 5NZ,yes,here
BH10 5PA,yes,here
BH10 5PB,yes,here
BH10 5PD,yes,here
BH10 5YL,yes,here
BH10 5YW,yes,here
BH10 6AA,yes,here
BH10 6AB,yes,here
BH10 6AD,yes,here
BH10 6AE,yes,here
BH10 6AF,yes,here
BH10 6AG,yes,here
BH10 6AH,yes,here
BH10 6AJ,yes,here
BH10 6AL,yes,here
BH10 6AN,yes,here
BH10 6AP,yes,here
BH10 6AQ,yes,here
BH10 6AR,yes,here
BH10 6AT,yes,here
BH10 6AU,yes,here
BH10 6AW,yes,here
BH10 6AX,yes,here
BH10 6AY,yes,here
BH10 6AZ,yes,here
BH10 6BA,yes,here
BH10 6BB,yes,here
BH10 6BG,yes,here
BH10 6BH,yes,here
BH10 6BJ,yes,here
BH10 6BL,yes,here
BH10 6BN,yes,here
BH10 6BP,yes,here
BH10 6BQ,yes,here
BH10 6BS,yes,here
BH10 6BT,yes,here
BH10 6BU,yes,here
BH10 6BW,yes,here
BH10 6BX,yes,here
BH10 6BY,yes,here
BH10 6BZ,yes,here
BH10 6DA,yes,here
BH10 6DB,yes,here
BH10 6DD,yes,here
BH10 6DG,yes,here
BH10 6DH,yes,here
BH10 6DJ,yes,here
BH10 6DL,yes,here
BH10 6DN,yes,here
BH10 6DP,yes,here
BH10 6DQ,yes,here
BH10 6DR,yes,here
BH10 6DS,yes,here
BH10 6DT,yes,here
BH10 6DU,yes,here
BH10 6DW,yes,here
BH10 6DX,yes,here
BH10 6DY,yes,here
BH10 6DZ,yes,here
BH10 6EA,yes,here
BH10 6EB,yes,here
BH10 6ED,yes,here
BH10 6EE,yes,here
BH10 6EF,yes,here
BH10 6EG,yes,here
BH10 6EH,yes,here
BH10 6EJ,yes,here
BH10 6EL,yes,here
BH10 6EN,yes,here
BH10 6EQ,yes,here
BH10 6ES,yes,here
BH10 6ET,yes,here
BH10 6EU,yes,here
BH10 6EX,yes,here
BH10 6EY,yes,here
BH10 6EZ,yes,here
BH10 6HA,yes,here
BH10 6HB,yes,here
BH10 6HD,yes,here
BH10 6HE,yes,here
BH10 6HF,yes,here
BH10 6HG,yes,here
BH10 6HH,yes,here
BH10 6HJ,yes,here
BH10 6HL,yes,here
BH10 6HN,yes,here
BH10 6HP,yes,here
BH10 6HQ,yes,here
BH10 6HR,yes,here
BH10 6HS,yes,here
BH10 6HW,yes,here
BH10 6HX,yes,here
BH10 6HY,yes,here
BH10 6HZ,yes,here
BH10 6JA,yes,here
BH10 6JB,yes,here
BH10 6JD,yes,here
BH10 6JE,yes,here
BH10 6JF,yes,here
BH10 6JG,yes,here
BH10 6JH,yes,here
BH10 6JJ,yes,here
BH10 6JL,yes,here
BH10 6JN,yes,here
BH10 6JP,yes,here
BH10 6JQ,yes,here
BH10 6JR,yes,here
BH10 6JS,yes,here
BH10 6JT,yes,here
BH10 6JU,yes,here
BH10 6JW,yes,here
BH10 6JX,yes,here
BH10 6JY,yes,here
BH10 6JZ,yes,here
BH10 6LA,yes,here
BH10 6LB,yes,here
BH10 6LD,yes,here
BH10 6LE,yes,here
BH10 6LF,yes,here
BH10 6LG,yes,here
BH10 6LH,yes,here
BH10 6LJ,yes,here
BH10 6LL,yes,here
BH10 6LN,yes,here
BH10 6LP,yes,here
BH10 6LQ,yes,here
BH10 7AA,yes,here
BH10 7AB,yes,here
BH10 7AD,yes,here
BH10 7AE,yes,here
BH10 7AF,yes,here
BH10 7AG,yes,here
BH10 7AH,yes,here
BH10 7AJ,yes,here
BH10 7AL,yes,here
BH10 7AN,yes,here
BH10 7AP,yes,here
BH10 7AQ,yes,here
BH10 7AR,yes,here
BH10 7AS,yes,here
BH10 7AT,yes,here
BH10 7AW,yes,here
BH10 7AY,yes,here
BH10 7AZ,yes,here
BH10 7BB,yes,here
BH10 7BD,yes,here
BH10 7BE,yes,here
BH10 7BG,yes,here
BH10 7BH,yes,here
BH10 7BJ,yes,here
BH10 7BL,yes,here
BH10 7BN,yes,here
BH10 7BP,yes,here
BH10 7BQ,yes,here
BH10 7BS,yes,here
BH10 7BT,yes,here
BH10 7BU,yes,here
BH10 7BW,yes,here
BH10 7BX,yes,here
BH10 7BY,yes,here
BH10 7DA,yes,here
BH10 7DB,yes,here
BH10 7DE,yes,here
BH10 7DF,yes,here
BH10 7DG,yes,here
BH10 7DH,yes,here
BH10 7DJ,yes,here
BH10 7DL,yes,here
BH10 7DN,yes,here
BH10 7DP,yes,here
BH10 7DQ,yes,here
BH10 7DR,yes,here
BH10 7DS,yes,here
BH10 7DT,yes,here
BH10 7DU,yes,here
BH10 7DW,yes,here
BH10 7DX,yes,here
BH10 7DY,yes,here
BH10 7DZ,yes,here
BH10 7EA,yes,here
BH10 7EB,yes,here
BH10 7ED,yes,here
BH10 7EE,yes,here
BH10 7EF,yes,here
BH10 7ET,yes,here
BH10 7EU,yes,here
BH10 7EX,yes,here
BH10 7EY,yes,here
BH10 7EZ,yes,here
BH10 7HA,yes,here
BH10 7HB,yes,here
BH10 7HD,yes,here
BH10 7HE,yes,here
BH10 7HF,yes,here
BH10 7HG,yes,here
BH10 7HH,yes,here
BH10 7HJ,yes,here
BH10 7HL,yes,here
BH10 7HN,yes,here
BH10 7HP,yes,here
BH10 7HQ,yes,here
BH10 7HR,yes,here
BH10 7HS,yes,here
BH10 7HT,yes,here
BH10 7HU,yes,here
BH10 7HW,yes,here
BH10 7HX,yes,here
BH10 7HY,yes,here
BH10 7HZ,yes,here
BH10 7JA,yes,here
BH10 7JB,yes,here
BH10 7JD,yes,here
BH10 7JE,yes,here
BH10 7JF,yes,here
BH10 7JG,yes,here
BH10 7JH,yes,here
BH10 7JJ,yes,here
BH10 7JL,yes,here
BH10 7JN,yes,here
BH10 7JP,yes,here
BH10 7JQ,yes,here
BH10 7JR,yes,here
BH10 7JS,yes,here
BH10 7JT,yes,here
BH10 7JU,yes,here
BH10 7JW,yes,here
BH10 7JX,yes,here
BH10 7JY,yes,here
BH10 7JZ,yes,here
BH10 7LA,yes,here
BH10 7LF,yes,here
BH10 7LG,yes,here
BH10 7LH,yes,here
BH10 7LJ,yes,here
BH10 7LL,yes,here
BH10 7LN,yes,here
BH10 7LP,yes,here
BH10 7LQ,yes,here
BH10 7LW,yes,here
BH11 0FJ,yes,here
BH11 0GF,yes,here
BH11 0GG,yes,here
BH11 0GN,yes,here
BH11 0GR,yes,here
BH11 0GW,yes,here
BH11 0HA,yes,here
BH11 0HB,yes,here
BH11 0HD,yes,here
BH11 0HG,yes,here
BH11 0HN,yes,here
BH11 0HU,yes,here
BH11 0HY,yes,here
BH11 0HZ,yes,here
BH11 0JA,yes,here
BH11 8AA,yes,here
BH11 8AB,yes,here
BH11 8AD,yes,here
BH11 8AE,yes,here
BH11 8AF,yes,here
BH11 8AG,yes,here
BH11 8AH,yes,here
BH11 8AJ,yes,here
BH11 8AL,yes,here
BH11 8AN,yes,here
BH11 8AP,yes,here
BH11 8AQ,yes,here
BH11 8AR,yes,here
BH11 8AS,yes,here
BH11 8AT,yes,here
BH11 8AU,yes,here
BH11 8AW,yes,here
BH11 8AY,yes,here
BH11 8AZ,yes,here
BH11 8BA,yes,here
BH11 8BB,yes,here
BH11 8BD,yes,here
BH11 8BE,yes,here
BH11 8BG,yes,here
BH11 8BH,yes,here
BH11 8BJ,yes,here
BH11 8BL,yes,here
BH11 8BN,yes,here
BH11 8BP,yes,here
BH11 8BQ,yes,here
BH11 8BS,yes,here
BH11 8BT,yes,here
BH11 8BU,yes,here
BH11 8BW,yes,here
BH11 8BX,yes,here
BH11 8BY,yes,here
BH11 8BZ,yes,here
BH11 8DA,yes,here
BH11 8DB,yes,here
BH11 8DD,yes,here
BH11 8DE,yes,here
BH11 8DF,yes,here
BH11 8DG,yes,here
BH11 8DH,yes,here
BH11 8DJ,yes,here
BH11 8DL,yes,here
BH11 8DN,yes,here
BH11 8DP,yes,here
BH11 8DQ,yes,here
BH11 8DR,yes,here
BH11 8DS,yes,here
BH11 8DT,yes,here
BH11 8DU,yes,here
BH11 8DW,yes,here
BH11 8DX,yes,here
BH11 8DY,yes,here
BH11 8DZ,yes,here
BH11 8EA,yes,here
BH11 8EB,yes,here
BH11 8ED,yes,here
BH11 8EE,yes,here
BH11 8EF,yes,here
BH11 8EG,yes,here
BH11 8EH,yes,here
BH11 8EJ,yes,here
BH11 8EL,yes,here
BH11 8EN,yes,here
BH11 8EP,yes,here
BH11 8EQ,yes,here
BH11 8ER,yes,here
BH11 8ES,yes,here
BH11 8ET,yes,here
BH11 8EU,yes,here
BH11 8EW,yes,here
BH11 8EX,yes,here
BH11 8EY,yes,here
BH11 8EZ,yes,here
BH11 8FD,yes,here
BH11 8FE,yes,here
BH11 8FF,yes,here
BH11 8GB,yes,here
BH11 8HA,yes,here
BH11 8HB,yes,here
BH11 8HD,yes,here
BH11 8HE,yes,here
BH11 8HH,yes,here
BH11 8HJ,yes,here
BH11 8HL,yes,here
BH11 8HN,yes,here
BH11 8HP,yes,here
BH11 8HQ,yes,here
BH11 8HR,yes,here
BH11 8HS,yes,here
BH11 8HT,yes,here
BH11 8HU,yes,here
BH11 8HW,yes,here
BH11 8HX,yes,here
BH11 8HY,yes,here
BH11 8HZ,yes,here
BH11 8JA,yes,here
BH11 8JB,yes,here
BH11 8JD,yes,here
BH11 8JH,yes,here
BH11 8JJ,yes,here
BH11 8JP,yes,here
BH11 8JR,yes,here
BH11 8JS,yes,here
BH11 8JT,yes,here
BH11 8JU,yes,here
BH11 8JX,yes,here
BH11 8JY,yes,here
BH11 8JZ,yes,here
BH11 8LA,yes,here
BH11 8LB,yes,here
BH11 8LD,yes,here
BH11 8LE,yes,here
BH11 8LF,yes,here
BH11 8LH,yes,here
BH11 8LJ,yes,here
BH11 8LL,yes,here
BH11 8LN,yes,here
BH11 8LQ,yes,here
BH11 8LW,yes,here
BH11 8LY,yes,here
BH11 8LZ,yes,here
BH11 8NE,yes,here
BH11 8NF,yes,here
BH11 8NG,yes,here
BH11 8NH,yes,here
BH11 8NJ,yes,here
BH11 8NL,yes,here
BH11 8NN,yes,here
BH11 8NP,yes,here
BH11 8NR,yes,here
BH11 8NS,yes,here
BH11 8NT,yes,here
BH11 8NU,yes,here
BH11 8NW,yes,here
BH11 8NX,yes,here
BH11 8NY,yes,here
BH11 8NZ,yes,here
BH11 8PA,yes,here
BH11 8PB,yes,here
BH11 8PD,yes,here
BH11 8PE,yes,here
BH11 8PF,yes,here
BH11 8PG,yes,here
BH11 8PH,yes,here
BH11 8PJ,yes,here
BH11 8PL,yes,here
BH11 8PN,yes,here
BH11 8PP,yes,here
BH11 8PQ,yes,here
BH11 8PR,yes,here
BH11 8PS,yes,here
BH11 8PT,yes,here
BH11 8PU,yes,here
BH11 8QN,yes,here
BH11 8QU,yes,here
BH11 8QX,yes,here
BH11 8QY,yes,here
BH11 8QZ,yes,here
BH11 8RA,yes,here
BH11 8RB,yes,here
BH11 8RD,yes,here
BH11 8RE,yes,here
BH11 8RF,yes,here
BH11 8RG,yes,here
BH11 8RH,yes,here
BH11 8RJ,yes,here
BH11 8RL,yes,here
BH11 8RN,yes,here
BH11 8RP,yes,here
BH11 8RQ,yes,here
BH11 8RR,yes,here
BH11 8RS,yes,here
BH11 8RT,yes,here
BH11 8RU,yes,here
BH11 8RW,yes,here
BH11 8RX,yes,here
BH11 8RY,yes,here
BH11 8RZ,yes,here
BH11 8SA,yes,here
BH11 8SB,yes,here
BH11 8SD,yes,here
BH11 8SE,yes,here
BH11 8SF,yes,here
BH11 8SG,yes,here
BH11 8SH,yes,here
BH11 8SJ,yes,here
BH11 8SL,yes,here
BH11 8SN,yes,here
BH11 8SP,yes,here
BH11 8SQ,yes,here
BH11 8SR,yes,here
BH11 8SS,yes,here
BH11 8ST,yes,here
BH11 8SU,yes,here
BH11 8SW,yes,here
BH11 8SX,yes,here
BH11 8SY,yes,here
BH11 8SZ,yes,here
BH11 8TA,yes,here
BH11 8TB,yes,here
BH11 8TD,yes,here
BH11 8TE,yes,here
BH11 8TF,yes,here
BH11 8TG,yes,here
BH11 8TH,yes,here
BH11 8TJ,yes,here
BH11 8TL,yes,here
BH11 8TN,yes,here
BH11 8TP,yes,here
BH11 8TR,yes,here
BH11 8TW,yes,here
BH11 9AA,yes,here
BH11 9AB,yes,here
BH11 9AD,yes,here
BH11 9AE,yes,here
BH11 9AF,yes,here
BH11 9AG,yes,here
BH11 9AH,yes,here
BH11 9AJ,yes,here
BH11 9AL,yes,here
BH11 9AN,yes,here
BH11 9AP,yes,here
BH11 9AQ,yes,here
BH11 9AR,yes,here
BH11 9AS,yes,here
BH11 9AT,yes,here
BH11 9AU,yes,here
BH11 9AW,yes,here
BH11 9AX,yes,here
BH11 9AY,yes,here
BH11 9AZ,yes,here
BH11 9BA,yes,here
BH11 9BB,yes,here
BH11 9BD,yes,here
BH11 9BE,yes,here
BH11 9BG,yes,here
BH11 9BH,yes,here
BH11 9BJ,yes,here
BH11 9BL,yes,here
BH11 9BN,yes,here
BH11 9BP,yes,here
BH11 9BS,yes,here
BH11 9BT,yes,here
BH11 9BU,yes,here
BH11 9BW,yes,here
BH11 9BX,yes,here
BH11 9BY,yes,here
BH11 9BZ,yes,here
BH11 9DA,yes,here
BH11 9DB,yes,here
BH11 9DD,yes,here
BH11 9DE,yes,here
BH11 9DF,yes,here
BH11 9DG,yes,here
BH11 9DH,yes,here
BH11 9DJ,yes,here
BH11 9DL,yes,here
BH11 9DN,yes,here
BH11 9DP,yes,here
BH11 9DQ,yes,here
BH11 9DR,yes,here
BH11 9DS,yes,here
BH11 9DT,yes,here
BH11 9DX,yes,here
BH11 9DY,yes,here
BH11 9DZ,yes,here
BH11 9EA,yes,here
BH11 9EB,yes,here
BH11 9ED,yes,here
BH11 9EE,yes,here
BH11 9EF,yes,here
BH11 9EG,yes,here
BH11 9EH,yes,here
BH11 9EJ,yes,here
BH11 9EL,yes,here
BH11 9EN,yes,here
BH11 9EP,yes,here
BH11 9EQ,yes,here
BH11 9ER,yes,here
BH11 9ES,yes,here
BH11 9ET,yes,here
BH11 9EU,yes,here
BH11 9EW,yes,here
BH11 9EX,yes,here
BH11 9EY,yes,here
BH11 9EZ,yes,here
BH11 9FA,yes,here
BH11 9FB,yes,here
BH11 9FD,yes,here
BH11 9FE,yes,here
BH11 9FN,yes,here
BH11 9FP,yes,here
BH11 9FQ,yes,here
BH11 9FR,yes,here
BH11 9FS,yes,here
BH11 9FT,yes,here
BH11 9FU,yes,here
BH11 9FW,yes,here
BH11 9FX,yes,here
BH11 9FY,yes,here
BH11 9FZ,yes,here
BH11 9GA,yes,here
BH11 9GB,yes,here
BH11 9GD,yes,here
BH11 9GE,yes,here
BH11 9GF,yes,here
BH11 9GG,yes,here
BH11 9HA,yes,here
BH11 9HB,yes,here
BH11 9HD,yes,here
BH11 9HE,yes,here
BH11 9HF,yes,here
BH11 9HG,yes,here
BH11 9HH,yes,here
BH11 9HJ,yes,here
BH11 9HL,yes,here
BH11 9HN,yes,here
BH11 9HP,yes,here
BH11 9HQ,yes,here
BH11 9HR,yes,here
BH11 9HS,yes,here
BH11 9HT,yes,here
BH11 9HU,yes,here
BH11 9HW,yes,here
BH11 9HX,yes,here
BH11 9HY,yes,here
BH11 9HZ,yes,here
BH11 9JA,yes,here
BH11 9JB,yes,here
BH11 9JD,yes,here
BH11 9JE,yes,here
BH11 9JF,yes,here
BH11 9JG,yes,here
BH11 9JH,yes,here
BH11 9JJ,yes,here
BH11 9JL,yes,here
BH11 9JN,yes,here
BH11 9JP,yes,here
BH11 9JQ,yes,here
BH11 9JR,yes,here
BH11 9JS,yes,here
BH11 9JT,yes,here
BH11 9JU,yes,here
BH11 9JW,yes,here
BH11 9JY,yes,here
BH11 9JZ,yes,here
BH11 9LA,yes,here
BH11 9LB,yes,here
BH11 9LD,yes,here
BH11 9LE,yes,here
BH11 9LF,yes,here
BH11 9LG,yes,here
BH11 9LH,yes,here
BH11 9LJ,yes,here
BH11 9LQ,yes,here
BH11 9LU,yes,here
BH11 9LX,yes,here
BH11 9LY,yes,here
BH11 9LZ,yes,here
BH11 9NA,yes,here
BH11 9NB,yes,here
BH11 9ND,yes,here
BH11 9NE,yes,here
BH11 9NF,yes,here
BH11 9NG,yes,here
BH11 9NH,yes,here
BH11 9NJ,yes,here
BH11 9NL,yes,here
BH11 9NN,yes,here
BH11 9NP,yes,here
BH11 9NQ,yes,here
BH11 9NR,yes,here
BH11 9NS,yes,here
BH11 9NT,yes,here
BH11 9NU,yes,here
BH11 9NW,yes,here
BH11 9NX,yes,here
BH11 9NY,yes,here
BH11 9NZ,yes,here
BH11 9PA,yes,here
BH11 9PB,yes,here
BH11 9PD,yes,here
BH11 9PE,yes,here
BH11 9PF,yes,here
BH11 9PG,yes,here
BH11 9PH,yes,here
BH11 9PJ,yes,here
BH11 9PL,yes,here
BH11 9PN,yes,here
BH11 9PP,yes,here
BH11 9PQ,yes,here
BH11 9PR,yes,here
BH11 9PS,yes,here
BH11 9PT,yes,here
BH11 9PU,yes,here
BH11 9PW,yes,here
BH11 9PX,yes,here
BH11 9PY,yes,here
BH11 9PZ,yes,here
BH11 9QA,yes,here
BH11 9QB,yes,here
BH11 9QD,yes,here
BH11 9QE,yes,here
BH11 9QF,yes,here
BH11 9QG,yes,here
BH11 9QH,yes,here
BH11 9QJ,yes,here
BH11 9QL,yes,here
BH11 9QN,yes,here
BH11 9QQ,yes,here
BH11 9QR,yes,here
BH11 9QS,yes,here
BH11 9QT,yes,here
BH11 9QU,yes,here
BH11 9QW,yes,here
BH11 9QX,yes,here
BH11 9QY,yes,here
BH11 9QZ,yes,here
BH11 9RA,yes,here
BH11 9RB,yes,here
BH11 9RD,yes,here
BH11 9RE,yes,here
BH11 9RF,yes,here
BH11 9RG,yes,here
BH11 9RH,yes,here
BH11 9RJ,yes,here
BH11 9RL,yes,here
BH11 9RN,yes,here
BH11 9RP,yes,here
BH11 9RQ,yes,here
BH11 9RR,yes,here
BH11 9RS,yes,here
BH11 9RT,yes,here
BH11 9RU,yes,here
BH11 9RW,yes,here
BH11 9RX,yes,here
BH11 9RY,yes,here
BH11 9RZ,yes,here
BH11 9SA,yes,here
BH11 9SB,yes,here
BH11 9SD,yes,here
BH11 9SE,yes,here
BH11 9SF,yes,here
BH11 9SG,yes,here
BH11 9SH,yes,here
BH11 9SJ,yes,here
BH11 9SL,yes,here
BH11 9SN,yes,here
BH11 9SP,yes,here
BH11 9SQ,yes,here
BH11 9SR,yes,here
BH11 9SS,yes,here
BH11 9ST,yes,here
BH11 9SU,yes,here
BH11 9SW,yes,here
BH11 9SX,yes,here
BH11 9SY,yes,here
BH11 9SZ,yes,here
BH11 9TA,yes,here
BH11 9TB,yes,here
BH11 9TD,yes,here
BH11 9TE,yes,here
BH11 9TF,yes,here
BH11 9TG,yes,here
BH11 9TH,yes,here
BH11 9TJ,yes,here
BH11 9TL,yes,here
BH11 9TN,yes,here
BH11 9TP,yes,here
BH11 9TQ,yes,here
BH11 9TR,yes,here
BH11 9TS,yes,here
BH11 9TT,yes,here
BH11 9TU,yes,here
BH11 9TX,yes,here
BH11 9TY,yes,here
BH11 9TZ,yes,here
BH11 9UA,yes,here
BH11 9UB,yes,here
BH11 9UE,yes,here
BH11 9UF,yes,here
BH11 9UG,yes,here
BH11 9UH,yes,here
BH11 9UL,yes,here
BH11 9UN,yes,here
BH11 9UW,yes,here
BH12 1AA,yes,here
BH12 1AB,yes,here
BH12 1AD,yes,here
BH12 1AE,yes,here
BH12 1AG,yes,here
BH12 1AH,yes,here
BH12 1AJ,yes,here
BH12 1AL,yes,here
BH12 1AN,yes,here
BH12 1AP,yes,here
BH12 1AQ,yes,here
BH12 1AR,yes,here
BH12 1AS,yes,here
BH12 1AT,yes,here
BH12 1AU,yes,here
BH12 1AW,yes,here
BH12 1AZ,yes,here
BH12 1BA,yes,here
BH12 1BB,yes,here
BH12 1BD,yes,here
BH12 1BE,yes,here
BH12 1BG,yes,here
BH12 1BH,yes,here
BH12 1BJ,yes,here
BH12 1BL,yes,here
BH12 1BN,yes,here
BH12 1BP,yes,here
BH12 1BQ,yes,here
BH12 1BS,yes,here
BH12 1BT,yes,here
BH12 1BU,yes,here
BH12 1BW,yes,here
BH12 1BX,yes,here
BH12 1BY,yes,here
BH12 1BZ,yes,here
BH12 1DA,yes,here
BH12 1DB,yes,here
BH12 1DD,yes,here
BH12 1DF,yes,here
BH12 1DG,yes,here
BH12 1DH,yes,here
BH12 1DJ,yes,here
BH12 1DN,yes,here
BH12 1DQ,yes,here
BH12 1DS,yes,here
BH12 1DT,yes,here
BH12 1DU,yes,here
BH12 1DW,yes,here
BH12 1DX,yes,here
BH12 1DY,yes,here
BH12 1DZ,yes,here
BH12 1EA,yes,here
BH12 1EB,yes,here
BH12 1ED,yes,here
BH12 1EF,yes,here
BH12 1EG,yes,here
BH12 1EJ,yes,here
BH12 1EP,yes,here
BH12 1EQ,yes,here
BH12 1ER,yes,here
BH12 1ES,yes,here
BH12 1EW,yes,here
BH12 1EX,yes,here
BH12 1EZ,yes,here
BH12 1HA,yes,here
BH12 1HB,yes,here
BH12 1HD,yes,here
BH12 1HE,yes,here
BH12 1HF,yes,here
BH12 1HG,yes,here
BH12 1HH,yes,here
BH12 1HJ,yes,here
BH12 1HQ,yes,here
BH12 1HR,yes,here
BH12 1HS,yes,here
BH12 1HT,yes,here
BH12 1HX,yes,here
BH12 1HY,yes,here
BH12 1JA,yes,here
BH12 1JB,yes,here
BH12 1JF,yes,here
BH12 1JG,yes,here
BH12 1JH,yes,here
BH12 1JJ,yes,here
BH12 1JL,yes,here
BH12 1JN,yes,here
BH12 1JQ,yes,here
BH12 1JT,yes,here
BH12 1JU,yes,here
BH12 1JX,yes,here
BH12 1JY,yes,here
BH12 1LA,yes,here
BH12 1LB,yes,here
BH12 1LD,yes,here
BH12 1LR,yes,here
BH12 1LT,yes,here
BH12 1LU,yes,here
BH12 1LX,yes,here
BH12 1LY,yes,here
BH12 1LZ,yes,here
BH12 1NA,yes,here
BH12 1NB,yes,here
BH12 1ND,yes,here
BH12 1NE,yes,here
BH12 1NG,yes,here
BH12 1NH,yes,here
BH12 1NJ,yes,here
BH12 1NL,yes,here
BH12 1NN,yes,here
BH12 1NP,yes,here
BH12 1NQ,yes,here
BH12 1NR,yes,here
BH12 1NS,yes,here
BH12 1NT,yes,here
BH12 1NU,yes,here
BH12 1NW,yes,here
BH12 1NX,yes,here
BH12 1NY,yes,here
BH12 1PA,yes,here
BH12 1PB,yes,here
BH12 1PD,yes,here
BH12 1PE,yes,here
BH12 1PF,yes,here
BH12 1PG,yes,here
BH12 1PH,yes,here
BH12 1PJ,yes,here
BH12 1PL,yes,here
BH12 1PN,yes,here
BH12 1PP,yes,here
BH12 1PQ,yes,here
BH12 1PR,yes,here
BH12 1PS,yes,here
BH12 1PT,yes,here
BH12 1PU,yes,here
BH12 1PW,yes,here
BH12 1PX,yes,here
BH12 1PY,yes,here
BH12 1PZ,yes,here
BH12 1QA,yes,here
BH12 1QB,yes,here
BH12 1QD,yes,here
BH12 1QE,yes,here
BH12 1QU,yes,here
BH12 1QX,yes,here
BH12 1RA,yes,here
BH12 1TR,yes,here
BH12 1YT,yes,here
BH12 1YW,yes,here
BH12 2AA,yes,here
BH12 2AB,yes,here
BH12 2AD,yes,here
BH12 2AE,yes,here
BH12 2AF,yes,here
BH12 2AG,yes,here
BH12 2AH,yes,here
BH12 2AJ,yes,here
BH12 2AL,yes,here
BH12 2AN,yes,here
BH12 2AP,yes,here
BH12 2AR,yes,here
BH12 2AS,yes,here
BH12 2AT,yes,here
BH12 2AU,yes,here
BH12 2AW,yes,here
BH12 2AX,yes,here
BH12 2BA,yes,here
BH12 2BB,yes,here
BH12 2BE,yes,here
BH12 2BG,yes,here
BH12 2BH,yes,here
BH12 2BJ,yes,here
BH12 2BL,yes,here
BH12 2BN,yes,here
BH12 2BP,yes,here
BH12 2BQ,yes,here
BH12 2BT,yes,here
BH12 2BU,yes,here
BH12 2BW,yes,here
BH12 2BX,yes,here
BH12 2BY,yes,here
BH12 2BZ,yes,here
BH12 2DA,yes,here
BH12 2DB,yes,here
BH12 2DD,yes,here
BH12 2DE,yes,here
BH12 2DF,yes,here
BH12 2DG,yes,here
BH12 2DH,yes,here
BH12 2DJ,yes,here
BH12 2DL,yes,here
BH12 2DN,yes,here
BH12 2DP,yes,here
BH12 2DQ,yes,here
BH12 2DR,yes,here
BH12 2DS,yes,here
BH12 2DT,yes,here
BH12 2DU,yes,here
BH12 2DW,yes,here
BH12 2DX,yes,here
BH12 2DY,yes,here
BH12 2DZ,yes,here
BH12 2EA,yes,here
BH12 2EB,yes,here
BH12 2ED,yes,here
BH12 2EE,yes,here
BH12 2EF,yes,here
BH12 2EG,yes,here
BH12 2EH,yes,here
BH12 2EJ,yes,here
BH12 2EL,yes,here
BH12 2EN,yes,here
BH12 2EP,yes,here
BH12 2EQ,yes,here
BH12 2ER,yes,here
BH12 2EW,yes,here
BH12 2EX,yes,here
BH12 2EY,yes,here
BH12 2EZ,yes,here
BH12 2HA,yes,here
BH12 2HB,yes,here
BH12 2HD,yes,here
BH12 2HE,yes,here
BH12 2HF,yes,here
BH12 2HG,yes,here
BH12 2HJ,yes,here
BH12 2HL,yes,here
BH12 2HN,yes,here
BH12 2HP,yes,here
BH12 2HQ,yes,here
BH12 2HR,yes,here
BH12 2HS,yes,here
BH12 2HT,yes,here
BH12 2HU,yes,here
BH12 2HW,yes,here
BH12 2HZ,yes,here
BH12 2JA,yes,here
BH12 2JB,yes,here
BH12 2JD,yes,here
BH12 2JE,yes,here
BH12 2JF,yes,here
BH12 2JG,yes,here
BH12 2JH,yes,here
BH12 2JJ,yes,here
BH12 2JL,yes,here
BH12 2JN,yes,here
BH12 2JP,yes,here
BH12 2JQ,yes,here
BH12 2JR,yes,here
BH12 2JS,yes,here
BH12 2JU,yes,here
BH12 2JW,yes,here
BH12 2LA,yes,here
BH12 2LB,yes,here
BH12 2LD,yes,here
BH12 2LE,yes,here
BH12 2LF,yes,here
BH12 2LG,yes,here
BH12 2LH,yes,here
BH12 2LJ,yes,here
BH12 2LL,yes,here
BH12 2LN,yes,here
BH12 2LP,yes,here
BH12 2LQ,yes,here
BH12 2LR,yes,here
BH12 2LS,yes,here
BH12 2LT,yes,here
BH12 2LU,yes,here
BH12 2LW,yes,here
BH12 2LX,yes,here
BH12 2LY,yes,here
BH12 2LZ,yes,here
BH12 2NA,yes,here
BH12 2NB,yes,here
BH12 2ND,yes,here
BH12 2NE,yes,here
BH12 2NF,yes,here
BH12 2NG,yes,here
BH12 2NH,yes,here
BH12 2NJ,yes,here
BH12 2NL,yes,here
BH12 2NN,yes,here
BH12 2NP,yes,here
BH12 2NQ,yes,here
BH12 2NR,yes,here
BH12 2NS,yes,here
BH12 2NT,yes,here
BH12 2NU,yes,here
BH12 2NW,yes,here
BH12 2NX,yes,here
BH12 2NY,yes,here
BH12 2NZ,yes,here
BH12 2PA,yes,here
BH12 3AA,yes,here
BH12 3AB,yes,here
BH12 3AD,yes,here
BH12 3AE,yes,here
BH12 3AF,yes,here
BH12 3AG,yes,here
BH12 3AH,yes,here
BH12 3AJ,yes,here
BH12 3AL,yes,here
BH12 3AN,yes,here
BH12 3AP,yes,here
BH12 3AQ,yes,here
BH12 3AR,yes,here
BH12 3AS,yes,here
BH12 3AT,yes,here
BH12 3AU,yes,here
BH12 3AW,yes,here
BH12 3AX,yes,here
BH12 3AY,yes,here
BH12 3AZ,yes,here
BH12 3BA,yes,here
BH12 3BB,yes,here
BH12 3BD,yes,here
BH12 3BE,yes,here
BH12 3BG,yes,here
BH12 3BH,yes,here
BH12 3BJ,yes,here
BH12 3BL,yes,here
BH12 3BN,yes,here
BH12 3BP,yes,here
BH12 3BQ,yes,here
BH12 3BR,yes,here
BH12 3BS,yes,here
BH12 3BT,yes,here
BH12 3BU,yes,here
BH12 3BW,yes,here
BH12 3BX,yes,here
BH12 3BY,yes,here
BH12 3BZ,yes,here
BH12 3DA,yes,here
BH12 3DB,yes,here
BH12 3DD,yes,here
